"n","nombre","ruta","extension","tamano_bytes","fecha_creacion","fecha_modificacion","cliente","categoria","subcategoria","estado_lectura","relevancia","duplicado","documentos_relacionados","observaciones"
"1","00_MAPA_MAESTRO_MARC_AURORA.md","00_MAPA_MAESTRO_MARC_AURORA.md",".md","2554","15/08/2026 19:01","15/08/2026 19:01","COMPARTIDO","19_ESTRATEGIA","Mapa maestro compartido","SÍ — texto leído","ALTA","—","Ver 01_INDICE_DOCUMENTAL_GLOBAL.md","Punto de partida de la auditoría previa"
"2",".mcp.json","MARC\.mcp.json",".json","1042","16/08/2026 03:43","16/08/2026 03:47","MARC","22_CREDENCIALES_REFERENCIAS","Configuración MCP (herramienta)","SÍ — leído; SIN secretos","BAJA","—","Ver 01_INDICE_DOCUMENTAL_GLOBAL.md","Escaneo de credenciales: limpio"
"3","05_MAPA_DEL_EMBUDO_MARC.md","MARC\05_MAPA_DEL_EMBUDO_MARC.md",".md","1142","15/08/2026 18:59","15/08/2026 18:59","MARC","25_PENDIENTE_DE_REVISIÓN","","SÍ — texto leído","ALTA","—","Ver 01_INDICE_DOCUMENTAL_GLOBAL.md","—"
"4","06_MAPA_DE_AUTOMATIZACIONES_MARC.md","MARC\06_MAPA_DE_AUTOMATIZACIONES_MARC.md",".md","677","15/08/2026 18:59","15/08/2026 18:59","MARC","25_PENDIENTE_DE_REVISIÓN","","SÍ — texto leído","ALTA","—","Ver 01_INDICE_DOCUMENTAL_GLOBAL.md","—"
"5","07_AUDITORIA_DE_HERRAMIENTAS_MARC.md","MARC\07_AUDITORIA_DE_HERRAMIENTAS_MARC.md",".md","642","15/08/2026 18:59","15/08/2026 18:59","MARC","25_PENDIENTE_DE_REVISIÓN","","SÍ — texto leído","ALTA","—","Ver 01_INDICE_DOCUMENTAL_GLOBAL.md","—"
"6","08_AUDITORIA_FINANCIERA_MARC.md","MARC\08_AUDITORIA_FINANCIERA_MARC.md",".md","655","15/08/2026 18:59","15/08/2026 18:59","MARC","25_PENDIENTE_DE_REVISIÓN","","SÍ — texto leído","ALTA","—","Ver 01_INDICE_DOCUMENTAL_GLOBAL.md","—"
"7","09_AUDITORIA_CONTRACTUAL_MARC.md","MARC\09_AUDITORIA_CONTRACTUAL_MARC.md",".md","576","15/08/2026 18:59","15/08/2026 18:59","MARC","25_PENDIENTE_DE_REVISIÓN","","SÍ — texto leído","ALTA","—","Ver 01_INDICE_DOCUMENTAL_GLOBAL.md","—"
"8","10_KPI_Y_METRICAS_MARC.md","MARC\10_KPI_Y_METRICAS_MARC.md",".md","534","15/08/2026 18:59","15/08/2026 18:59","MARC","25_PENDIENTE_DE_REVISIÓN","","SÍ — texto leído","ALTA","—","Ver 01_INDICE_DOCUMENTAL_GLOBAL.md","—"
"9","11_RIESGOS_MARC.md","MARC\11_RIESGOS_MARC.md",".md","630","15/08/2026 18:59","15/08/2026 18:59","MARC","25_PENDIENTE_DE_REVISIÓN","","SÍ — texto leído","ALTA","—","Ver 01_INDICE_DOCUMENTAL_GLOBAL.md","—"
"10","12_OPORTUNIDADES_MARC.md","MARC\12_OPORTUNIDADES_MARC.md",".md","644","15/08/2026 18:59","15/08/2026 18:59","MARC","25_PENDIENTE_DE_REVISIÓN","","SÍ — texto leído","ALTA","—","Ver 01_INDICE_DOCUMENTAL_GLOBAL.md","—"
"11","13_PREGUNTAS_PARA_MARC.md","MARC\13_PREGUNTAS_PARA_MARC.md",".md","924","15/08/2026 18:59","15/08/2026 19:01","MARC","25_PENDIENTE_DE_REVISIÓN","","SÍ — texto leído","ALTA","—","Ver 01_INDICE_DOCUMENTAL_GLOBAL.md","—"
"12","14_PLAN_30_60_90_MARC.md","MARC\14_PLAN_30_60_90_MARC.md",".md","723","15/08/2026 18:59","15/08/2026 19:01","MARC","25_PENDIENTE_DE_REVISIÓN","","SÍ — texto leído","ALTA","—","Ver 01_INDICE_DOCUMENTAL_GLOBAL.md","—"
"13","15_REUNION_BRIEF_MARC.md","MARC\15_REUNION_BRIEF_MARC.md",".md","619","15/08/2026 18:59","15/08/2026 19:01","MARC","25_PENDIENTE_DE_REVISIÓN","","SÍ — texto leído","ALTA","—","Ver 01_INDICE_DOCUMENTAL_GLOBAL.md","—"
"14","16_DOCUMENTO_ALINEACION_MARC.md","MARC\16_DOCUMENTO_ALINEACION_MARC.md",".md","586","15/08/2026 19:00","15/08/2026 19:01","MARC","25_PENDIENTE_DE_REVISIÓN","","SÍ — texto leído","ALTA","—","Ver 01_INDICE_DOCUMENTAL_GLOBAL.md","—"
"15","17_FUENTES_MARC.md","MARC\17_FUENTES_MARC.md",".md","1728","15/08/2026 19:00","15/08/2026 19:01","MARC","25_PENDIENTE_DE_REVISIÓN","","SÍ — texto leído","ALTA","—","Ver 01_INDICE_DOCUMENTAL_GLOBAL.md","—"
"16","MARC_1_MINUTO.md","MARC\MARC_1_MINUTO.md",".md","675","15/08/2026 18:48","15/08/2026 18:48","MARC","25_PENDIENTE_DE_REVISIÓN","","SÍ — texto leído","ALTA","—","Ver 01_INDICE_DOCUMENTAL_GLOBAL.md","—"
"17","MARC_DOCUMENTO_ALINEACION.md","MARC\MARC_DOCUMENTO_ALINEACION.md",".md","1783","15/08/2026 18:48","15/08/2026 18:48","MARC","25_PENDIENTE_DE_REVISIÓN","","SÍ — texto leído","ALTA","—","Ver 01_INDICE_DOCUMENTAL_GLOBAL.md","—"
"18","MARC_REUNION_BRIEF.md","MARC\MARC_REUNION_BRIEF.md",".md","4406","15/08/2026 18:48","15/08/2026 18:48","MARC","25_PENDIENTE_DE_REVISIÓN","","SÍ — texto leído","ALTA","—","Ver 01_INDICE_DOCUMENTAL_GLOBAL.md","—"
"19","TEST-TOKENROUTER.md","MARC\TEST-TOKENROUTER.md",".md","1654","16/08/2026 03:15","16/08/2026 03:15","MARC","25_PENDIENTE_DE_REVISIÓN","","SÍ — texto leído","ALTA","—","Ver 01_INDICE_DOCUMENTAL_GLOBAL.md","—"
"20","TOKENROUTER-VSCODE-SETUP-REPORT.md","MARC\TOKENROUTER-VSCODE-SETUP-REPORT.md",".md","4065","16/08/2026 03:11","16/08/2026 03:12","MARC","25_PENDIENTE_DE_REVISIÓN","","SÍ — texto leído","ALTA","—","Ver 01_INDICE_DOCUMENTAL_GLOBAL.md","—"
"21","marc-data.db","MARC\.mcp-sqlite\marc-data.db",".db","0","16/08/2026 03:49","16/08/2026 03:49","MARC","22_CREDENCIALES_REFERENCIAS","Base de datos local (SQLite)","NO LEÍDO (binario)","BAJA","—","Ver 01_INDICE_DOCUMENTAL_GLOBAL.md","Base de datos de herramienta local"
"22","00_RESUMEN_EJECUTIVO_MARC.md","MARC\00_AUDITORIA_MAESTRA\00_RESUMEN_EJECUTIVO_MARC.md",".md","2144","15/08/2026 18:47","15/08/2026 18:47","MARC","25_PENDIENTE_DE_REVISIÓN","","SÍ — texto leído","ALTA","—","Ver 01_INDICE_DOCUMENTAL_GLOBAL.md","—"
"23","01_AUDITORIA_COMPLETA_MARC.md","MARC\00_AUDITORIA_MAESTRA\01_AUDITORIA_COMPLETA_MARC.md",".md","3080","15/08/2026 18:47","15/08/2026 18:47","MARC","25_PENDIENTE_DE_REVISIÓN","","SÍ — texto leído","ALTA","—","Ver 01_INDICE_DOCUMENTAL_GLOBAL.md","—"
"24","02_INVENTARIO_MARC.md","MARC\00_AUDITORIA_MAESTRA\02_INVENTARIO_MARC.md",".md","1876","15/08/2026 18:47","15/08/2026 18:47","MARC","25_PENDIENTE_DE_REVISIÓN","","SÍ — texto leído","ALTA","—","Ver 01_INDICE_DOCUMENTAL_GLOBAL.md","—"
"25","03_MAPA_DEL_NEGOCIO_MARC.md","MARC\00_AUDITORIA_MAESTRA\03_MAPA_DEL_NEGOCIO_MARC.md",".md","3040","15/08/2026 18:47","15/08/2026 18:47","MARC","25_PENDIENTE_DE_REVISIÓN","","SÍ — texto leído","ALTA","—","Ver 01_INDICE_DOCUMENTAL_GLOBAL.md","—"
"26","04_MAPA_DE_MARKETING_MARC.md","MARC\00_AUDITORIA_MAESTRA\04_MAPA_DE_MARKETING_MARC.md",".md","1161","15/08/2026 18:47","15/08/2026 18:47","MARC","25_PENDIENTE_DE_REVISIÓN","","SÍ — texto leído","ALTA","—","Ver 01_INDICE_DOCUMENTAL_GLOBAL.md","—"
"27","Doc1_Informe_Sesion_Marc_04-05-26.pdf","MARC\1 DÍA 04-05-2026\Doc1_Informe_Sesion_Marc_04-05-26.pdf",".pdf","98182","05/08/2026 02:12","05/08/2026 02:12","MARC","03_INFORMES","Informe sesión #1 (04/08)","SÍ — texto leído","ALTA","—","Ver 01_INDICE_DOCUMENTAL_GLOBAL.md","Duplicado exacto en carpeta de chat (ver 13_DUPLICADOS.md)"
"28","Doc2_Plan_Operativo_Marc_04-05-26.pdf","MARC\1 DÍA 04-05-2026\Doc2_Plan_Operativo_Marc_04-05-26.pdf",".pdf","188291","05/08/2026 02:19","05/08/2026 02:19","MARC","04_PLANES","Plan operativo completo","SÍ — texto leído","ALTA","—","Ver 01_INDICE_DOCUMENTAL_GLOBAL.md","Duplicado exacto en carpeta de chat (ver 13_DUPLICADOS.md)"
"29","Doc3_Contexto_Escala_Marc_04-05-26.pdf","MARC\1 DÍA 04-05-2026\Doc3_Contexto_Escala_Marc_04-05-26.pdf",".pdf","135130","05/08/2026 02:25","05/08/2026 02:22","MARC","19_ESTRATEGIA","Inteligencia sobre Escala con Ads","SÍ — texto leído","ALTA","—","Ver 01_INDICE_DOCUMENTAL_GLOBAL.md","Duplicado exacto en chat; solo difiere el nombre de archivo"
"30","5.0 IE6 - Contrato de prestación de servicios y garantía de resultados.pdf","MARC\Chat de WhatsApp con MARC\5.0 IE6 - Contrato de prestación de servicios y garantía de resultados.pdf",".pdf","132692","15/08/2026 18:10","15/08/2026 18:12","MARC","01_CONTRATOS","Contrato Escala 5.0 IE6 (campos en blanco = NO FIRMADO)","SÍ — texto leído","ALTA","—","Ver 01_INDICE_DOCUMENTAL_GLOBAL.md","—"
"31","CVREDES.pdf","MARC\Chat de WhatsApp con MARC\CVREDES.pdf",".pdf","437762","15/08/2026 18:10","15/08/2026 18:12","MARC","02_PROPUESTAS","CV de Sebastián para el puesto","SÍ — texto leído","ALTA","—","Ver 01_INDICE_DOCUMENTAL_GLOBAL.md","—"
"32","Chat de WhatsApp con MARC.txt","MARC\Chat de WhatsApp con MARC\Chat de WhatsApp con MARC.txt",".txt","76799","15/08/2026 18:10","15/08/2026 18:12","MARC","09_WHATSAPP","Export completo del chat (639 líneas)","SÍ — texto leído","ALTA","—","Ver 01_INDICE_DOCUMENTAL_GLOBAL.md","—"
"33","DOC-20260812-WA0062.docx","MARC\Chat de WhatsApp con MARC\DOC-20260812-WA0062.docx",".docx","53716","15/08/2026 18:10","15/08/2026 18:12","MARC","02_PROPUESTAS","Análisis estratégico de la colaboración (400 €)","SÍ — texto leído","ALTA","—","Ver 01_INDICE_DOCUMENTAL_GLOBAL.md","—"
"34","DOC-20260812-WA0125.docx","MARC\Chat de WhatsApp con MARC\DOC-20260812-WA0125.docx",".docx","50565","15/08/2026 18:10","15/08/2026 18:12","MARC","20_OPERACIONES","Onboarding maestro","SÍ — texto leído","ALTA","—","Ver 01_INDICE_DOCUMENTAL_GLOBAL.md","—"
"35","Doc1_Informe_Sesion_Marc_04-05-26.pdf","MARC\Chat de WhatsApp con MARC\Doc1_Informe_Sesion_Marc_04-05-26.pdf",".pdf","98182","15/08/2026 18:10","15/08/2026 18:12","MARC","03_INFORMES","Informe sesión #1 (copia de chat)","SÍ — texto leído","ALTA","—","Ver 01_INDICE_DOCUMENTAL_GLOBAL.md","DUPLICADO EXACTO de 1 DÍA\Doc1"
"36","Doc2_Plan_Operativo_Marc_04-05-26.pdf","MARC\Chat de WhatsApp con MARC\Doc2_Plan_Operativo_Marc_04-05-26.pdf",".pdf","188291","15/08/2026 18:10","15/08/2026 18:12","MARC","04_PLANES","Plan operativo (copia de chat)","SÍ — texto leído","ALTA","—","Ver 01_INDICE_DOCUMENTAL_GLOBAL.md","DUPLICADO EXACTO de 1 DÍA\Doc2"
"37","Doc3_Contexto_Escala_Marc.pdf","MARC\Chat de WhatsApp con MARC\Doc3_Contexto_Escala_Marc.pdf",".pdf","135130","15/08/2026 18:10","15/08/2026 18:12","MARC","19_ESTRATEGIA","Inteligencia Escala (copia de chat)","SÍ — texto leído","ALTA","—","Ver 01_INDICE_DOCUMENTAL_GLOBAL.md","DUPLICADO EXACTO de 1 DÍA\Doc3 (varía solo el nombre)"
"38","IMG-20260724-WA0190.jpg","MARC\Chat de WhatsApp con MARC\IMG-20260724-WA0190.jpg",".jpg","138693","15/08/2026 18:10","15/08/2026 18:12","MARC","11_IMÁGENES","Imagen de chat (analizada visualmente)","SÍ — texto leído","ALTA","—","Ver 01_INDICE_DOCUMENTAL_GLOBAL.md","—"
"39","IMG-20260805-WA0001.jpg","MARC\Chat de WhatsApp con MARC\IMG-20260805-WA0001.jpg",".jpg","155058","15/08/2026 18:10","15/08/2026 18:12","MARC","11_IMÁGENES","Imagen de chat (analizada visualmente)","SÍ — texto leído","ALTA","—","Ver 01_INDICE_DOCUMENTAL_GLOBAL.md","—"
"40","IMG-20260812-WA0122.jpg","MARC\Chat de WhatsApp con MARC\IMG-20260812-WA0122.jpg",".jpg","52790","15/08/2026 18:10","15/08/2026 18:12","MARC","11_IMÁGENES","Imagen de chat (analizada visualmente)","SÍ — texto leído","ALTA","—","Ver 01_INDICE_DOCUMENTAL_GLOBAL.md","—"
"41","IMG-20260814-WA0011.jpg","MARC\Chat de WhatsApp con MARC\IMG-20260814-WA0011.jpg",".jpg","218490","15/08/2026 18:10","15/08/2026 18:12","MARC","11_IMÁGENES","Imagen de chat (analizada visualmente)","SÍ — texto leído","ALTA","—","Ver 01_INDICE_DOCUMENTAL_GLOBAL.md","—"
"42","IMG-20260814-WA0012.jpg","MARC\Chat de WhatsApp con MARC\IMG-20260814-WA0012.jpg",".jpg","142173","15/08/2026 18:10","15/08/2026 18:12","MARC","11_IMÁGENES","Imagen de chat (analizada visualmente)","SÍ — texto leído","ALTA","—","Ver 01_INDICE_DOCUMENTAL_GLOBAL.md","—"
"43","IMG-20260814-WA0013.jpg","MARC\Chat de WhatsApp con MARC\IMG-20260814-WA0013.jpg",".jpg","383104","15/08/2026 18:10","15/08/2026 18:12","MARC","11_IMÁGENES","Imagen de chat (analizada visualmente)","SÍ — texto leído","ALTA","—","Ver 01_INDICE_DOCUMENTAL_GLOBAL.md","—"
"44","IMG-20260814-WA0014.jpg","MARC\Chat de WhatsApp con MARC\IMG-20260814-WA0014.jpg",".jpg","213646","15/08/2026 18:10","15/08/2026 18:12","MARC","11_IMÁGENES","Imagen de chat (analizada visualmente)","SÍ — texto leído","ALTA","—","Ver 01_INDICE_DOCUMENTAL_GLOBAL.md","—"
"45","IMG-20260814-WA0015.jpg","MARC\Chat de WhatsApp con MARC\IMG-20260814-WA0015.jpg",".jpg","127083","15/08/2026 18:10","15/08/2026 18:12","MARC","11_IMÁGENES","Imagen de chat (analizada visualmente)","SÍ — texto leído","ALTA","—","Ver 01_INDICE_DOCUMENTAL_GLOBAL.md","—"
"46","IMG-20260814-WA0016.jpg","MARC\Chat de WhatsApp con MARC\IMG-20260814-WA0016.jpg",".jpg","198677","15/08/2026 18:10","15/08/2026 18:12","MARC","11_IMÁGENES","Imagen de chat (analizada visualmente)","SÍ — texto leído","ALTA","—","Ver 01_INDICE_DOCUMENTAL_GLOBAL.md","—"
"47","IMG-20260814-WA0070.jpg","MARC\Chat de WhatsApp con MARC\IMG-20260814-WA0070.jpg",".jpg","181480","15/08/2026 18:10","15/08/2026 18:12","MARC","11_IMÁGENES","Imagen de chat (analizada visualmente)","SÍ — texto leído","ALTA","—","Ver 01_INDICE_DOCUMENTAL_GLOBAL.md","—"
"48","IMG-20260814-WA0071.jpg","MARC\Chat de WhatsApp con MARC\IMG-20260814-WA0071.jpg",".jpg","128935","15/08/2026 18:10","15/08/2026 18:12","MARC","11_IMÁGENES","Imagen de chat (analizada visualmente)","SÍ — texto leído","ALTA","—","Ver 01_INDICE_DOCUMENTAL_GLOBAL.md","—"
"49","IMG-20260814-WA0072.jpg","MARC\Chat de WhatsApp con MARC\IMG-20260814-WA0072.jpg",".jpg","70989","15/08/2026 18:10","15/08/2026 18:12","MARC","11_IMÁGENES","Imagen de chat (analizada visualmente)","SÍ — texto leído","ALTA","—","Ver 01_INDICE_DOCUMENTAL_GLOBAL.md","—"
"50","IMG-20260814-WA0073.jpg","MARC\Chat de WhatsApp con MARC\IMG-20260814-WA0073.jpg",".jpg","60656","15/08/2026 18:10","15/08/2026 18:12","MARC","11_IMÁGENES","Imagen de chat (analizada visualmente)","SÍ — texto leído","ALTA","—","Ver 01_INDICE_DOCUMENTAL_GLOBAL.md","—"
"51","INFORME - IMPODERATE.pdf","MARC\Chat de WhatsApp con MARC\INFORME - IMPODERATE.pdf",".pdf","1182466","15/08/2026 18:10","15/08/2026 18:12","MARC","25_PENDIENTE_DE_REVISIÓN","","SÍ — PARCIAL (27/29 páginas legibles; págs. 12 y 24 sin texto extraíble)","ALTA","—","Ver 01_INDICE_DOCUMENTAL_GLOBAL.md","Informe de investigación de mercado InPodera.ai (03/08/2026) preparado para Marc Souza Gil; programa high-ticket US$1.700; veredicto SÍ 70/100. Releído con pypdf el 16/08/2026: 27/29 páginas con texto extraíble."
"52","Info básic para Sebastian.docx","MARC\Chat de WhatsApp con MARC\Info básic para Sebastian.docx",".docx","15108","15/08/2026 18:10","15/08/2026 18:12","MARC","19_ESTRATEGIA","Briefing de Marc: precios, lanzamientos, canales","SÍ — texto leído","ALTA","—","Ver 01_INDICE_DOCUMENTAL_GLOBAL.md","—"
"53","Oferta_Colaboracion_Sebastian.xlsx","MARC\Chat de WhatsApp con MARC\Oferta_Colaboracion_Sebastian.xlsx",".xlsx","15543","15/08/2026 18:10","15/08/2026 18:12","MARC","15_FINANZAS","Oferta fijo 400 € + comisiones","SÍ — texto leído","ALTA","—","Ver 01_INDICE_DOCUMENTAL_GLOBAL.md","Marc indicó ""solo casillas violetas"" (12/08 16:50); resto es borrador"
"54","PTT-20260804-WA0123.opus","MARC\Chat de WhatsApp con MARC\PTT-20260804-WA0123.opus",".opus","134559","15/08/2026 18:10","15/08/2026 18:12","MARC","10_AUDIO","Nota de voz de WhatsApp","SÍ — TRANSCRIPCIÓN AUTOMÁTICA (Vosk; calidad limitada)","ALTA","—","Ver 01_INDICE_DOCUMENTAL_GLOBAL.md","Transcripción en AUDITORIA_GLOBAL/transcripciones o archivo PTT-*.txt"
"55","PTT-20260804-WA0124.opus","MARC\Chat de WhatsApp con MARC\PTT-20260804-WA0124.opus",".opus","371761","15/08/2026 18:10","15/08/2026 18:12","MARC","10_AUDIO","Nota de voz de WhatsApp","SÍ — TRANSCRIPCIÓN AUTOMÁTICA (Vosk; calidad limitada)","ALTA","—","Ver 01_INDICE_DOCUMENTAL_GLOBAL.md","Transcripción en AUDITORIA_GLOBAL/transcripciones o archivo PTT-*.txt"
"56","PTT-20260804-WA0125.opus","MARC\Chat de WhatsApp con MARC\PTT-20260804-WA0125.opus",".opus","946276","15/08/2026 18:10","15/08/2026 18:12","MARC","20_OPERACIONES","Onboarding maestro","SÍ — texto leído","ALTA","—","Ver 01_INDICE_DOCUMENTAL_GLOBAL.md","—"
"57","PTT-20260804-WA0126.opus","MARC\Chat de WhatsApp con MARC\PTT-20260804-WA0126.opus",".opus","283897","15/08/2026 18:10","15/08/2026 18:12","MARC","10_AUDIO","Nota de voz de WhatsApp","SÍ — TRANSCRIPCIÓN AUTOMÁTICA (Vosk; calidad limitada)","ALTA","—","Ver 01_INDICE_DOCUMENTAL_GLOBAL.md","Transcripción en AUDITORIA_GLOBAL/transcripciones o archivo PTT-*.txt"
"58","PTT-20260804-WA0133.opus","MARC\Chat de WhatsApp con MARC\PTT-20260804-WA0133.opus",".opus","398655","15/08/2026 18:10","15/08/2026 18:12","MARC","10_AUDIO","Nota de voz de WhatsApp","SÍ — TRANSCRIPCIÓN AUTOMÁTICA (Vosk; calidad limitada)","ALTA","—","Ver 01_INDICE_DOCUMENTAL_GLOBAL.md","Transcripción en AUDITORIA_GLOBAL/transcripciones o archivo PTT-*.txt"
"59","PTT-20260805-WA0005.opus","MARC\Chat de WhatsApp con MARC\PTT-20260805-WA0005.opus",".opus","335631","15/08/2026 18:10","15/08/2026 18:12","MARC","10_AUDIO","Nota de voz de WhatsApp","SÍ — TRANSCRIPCIÓN AUTOMÁTICA (Vosk; calidad limitada)","ALTA","—","Ver 01_INDICE_DOCUMENTAL_GLOBAL.md","Transcripción en AUDITORIA_GLOBAL/transcripciones o archivo PTT-*.txt"
"60","PTT-20260807-WA0000.opus","MARC\Chat de WhatsApp con MARC\PTT-20260807-WA0000.opus",".opus","265969","15/08/2026 18:10","15/08/2026 18:12","MARC","10_AUDIO","Nota de voz de WhatsApp","SÍ — TRANSCRIPCIÓN AUTOMÁTICA (Vosk; calidad limitada)","ALTA","—","Ver 01_INDICE_DOCUMENTAL_GLOBAL.md","Transcripción en AUDITORIA_GLOBAL/transcripciones o archivo PTT-*.txt"
"61","PTT-20260807-WA0004.opus","MARC\Chat de WhatsApp con MARC\PTT-20260807-WA0004.opus",".opus","248418","15/08/2026 18:10","15/08/2026 18:12","MARC","10_AUDIO","Nota de voz de WhatsApp","SÍ — TRANSCRIPCIÓN AUTOMÁTICA (Vosk; calidad limitada)","ALTA","—","Ver 01_INDICE_DOCUMENTAL_GLOBAL.md","Transcripción en AUDITORIA_GLOBAL/transcripciones o archivo PTT-*.txt"
"62","PTT-20260807-WA0081.opus","MARC\Chat de WhatsApp con MARC\PTT-20260807-WA0081.opus",".opus","96585","15/08/2026 18:10","15/08/2026 18:12","MARC","10_AUDIO","Nota de voz de WhatsApp","SÍ — TRANSCRIPCIÓN AUTOMÁTICA (Vosk; calidad limitada)","ALTA","—","Ver 01_INDICE_DOCUMENTAL_GLOBAL.md","Transcripción en AUDITORIA_GLOBAL/transcripciones o archivo PTT-*.txt"
"63","PTT-20260810-WA0060.opus","MARC\Chat de WhatsApp con MARC\PTT-20260810-WA0060.opus",".opus","12250","15/08/2026 18:10","15/08/2026 18:12","MARC","10_AUDIO","Nota de voz de WhatsApp","SÍ — TRANSCRIPCIÓN AUTOMÁTICA (Vosk; calidad limitada)","ALTA","—","Ver 01_INDICE_DOCUMENTAL_GLOBAL.md","Transcripción en AUDITORIA_GLOBAL/transcripciones o archivo PTT-*.txt"
"64","PTT-20260810-WA0081.opus","MARC\Chat de WhatsApp con MARC\PTT-20260810-WA0081.opus",".opus","159143","15/08/2026 18:10","15/08/2026 18:12","MARC","10_AUDIO","Nota de voz de WhatsApp","SÍ — TRANSCRIPCIÓN AUTOMÁTICA (Vosk; calidad limitada)","ALTA","—","Ver 01_INDICE_DOCUMENTAL_GLOBAL.md","Transcripción en AUDITORIA_GLOBAL/transcripciones o archivo PTT-*.txt"
"65","PTT-20260810-WA0082.opus","MARC\Chat de WhatsApp con MARC\PTT-20260810-WA0082.opus",".opus","15724","15/08/2026 18:10","15/08/2026 18:12","MARC","10_AUDIO","Nota de voz de WhatsApp","SÍ — TRANSCRIPCIÓN AUTOMÁTICA (Vosk; calidad limitada)","ALTA","—","Ver 01_INDICE_DOCUMENTAL_GLOBAL.md","Transcripción en AUDITORIA_GLOBAL/transcripciones o archivo PTT-*.txt"
"66","PTT-20260810-WA0083.opus","MARC\Chat de WhatsApp con MARC\PTT-20260810-WA0083.opus",".opus","29228","15/08/2026 18:10","15/08/2026 18:12","MARC","10_AUDIO","Nota de voz de WhatsApp","SÍ — TRANSCRIPCIÓN AUTOMÁTICA (Vosk; calidad limitada)","ALTA","—","Ver 01_INDICE_DOCUMENTAL_GLOBAL.md","Transcripción en AUDITORIA_GLOBAL/transcripciones o archivo PTT-*.txt"
"67","PTT-20260814-WA0077.opus","MARC\Chat de WhatsApp con MARC\PTT-20260814-WA0077.opus",".opus","55035","15/08/2026 18:10","15/08/2026 18:12","MARC","10_AUDIO","Nota de voz de WhatsApp","SÍ — TRANSCRIPCIÓN AUTOMÁTICA (Vosk; calidad limitada)","ALTA","—","Ver 01_INDICE_DOCUMENTAL_GLOBAL.md","Transcripción en AUDITORIA_GLOBAL/transcripciones o archivo PTT-*.txt"
"68","PTT-20260814-WA0111.opus","MARC\Chat de WhatsApp con MARC\PTT-20260814-WA0111.opus",".opus","120219","15/08/2026 18:10","15/08/2026 18:12","MARC","10_AUDIO","Nota de voz de WhatsApp","SÍ — TRANSCRIPCIÓN AUTOMÁTICA (Vosk; calidad limitada)","ALTA","—","Ver 01_INDICE_DOCUMENTAL_GLOBAL.md","Transcripción en AUDITORIA_GLOBAL/transcripciones o archivo PTT-*.txt"
"69","PTT-20260814-WA0112.opus","MARC\Chat de WhatsApp con MARC\PTT-20260814-WA0112.opus",".opus","46869","15/08/2026 18:10","15/08/2026 18:12","MARC","10_AUDIO","Nota de voz de WhatsApp","SÍ — TRANSCRIPCIÓN AUTOMÁTICA (Vosk; calidad limitada)","ALTA","—","Ver 01_INDICE_DOCUMENTAL_GLOBAL.md","Transcripción en AUDITORIA_GLOBAL/transcripciones o archivo PTT-*.txt"
"70","PTT-20260814-WA0114.opus","MARC\Chat de WhatsApp con MARC\PTT-20260814-WA0114.opus",".opus","38878","15/08/2026 18:10","15/08/2026 18:12","MARC","10_AUDIO","Nota de voz de WhatsApp","SÍ — TRANSCRIPCIÓN AUTOMÁTICA (Vosk; calidad limitada)","ALTA","—","Ver 01_INDICE_DOCUMENTAL_GLOBAL.md","Transcripción en AUDITORIA_GLOBAL/transcripciones o archivo PTT-*.txt"
"71","PTT-20260814-WA0115.opus","MARC\Chat de WhatsApp con MARC\PTT-20260814-WA0115.opus",".opus","19681","15/08/2026 18:10","15/08/2026 18:12","MARC","10_AUDIO","Nota de voz de WhatsApp","SÍ — TRANSCRIPCIÓN AUTOMÁTICA (Vosk; calidad limitada)","ALTA","—","Ver 01_INDICE_DOCUMENTAL_GLOBAL.md","Transcripción en AUDITORIA_GLOBAL/transcripciones o archivo PTT-*.txt"
"72","PTT-20260814-WA0116.opus","MARC\Chat de WhatsApp con MARC\PTT-20260814-WA0116.opus",".opus","53077","15/08/2026 18:10","15/08/2026 18:12","MARC","10_AUDIO","Nota de voz de WhatsApp","SÍ — TRANSCRIPCIÓN AUTOMÁTICA (Vosk; calidad limitada)","ALTA","—","Ver 01_INDICE_DOCUMENTAL_GLOBAL.md","Transcripción en AUDITORIA_GLOBAL/transcripciones o archivo PTT-*.txt"
"73","PTT-20260814-WA0137.opus","MARC\Chat de WhatsApp con MARC\PTT-20260814-WA0137.opus",".opus","121948","15/08/2026 18:10","15/08/2026 18:12","MARC","10_AUDIO","Nota de voz de WhatsApp","SÍ — TRANSCRIPCIÓN AUTOMÁTICA (Vosk; calidad limitada)","ALTA","—","Ver 01_INDICE_DOCUMENTAL_GLOBAL.md","Transcripción en AUDITORIA_GLOBAL/transcripciones o archivo PTT-*.txt"
"74","PTT-20260814-WA0170.opus","MARC\Chat de WhatsApp con MARC\PTT-20260814-WA0170.opus",".opus","102168","15/08/2026 18:10","15/08/2026 18:12","MARC","10_AUDIO","Nota de voz de WhatsApp","SÍ — TRANSCRIPCIÓN AUTOMÁTICA (Vosk; calidad limitada)","ALTA","—","Ver 01_INDICE_DOCUMENTAL_GLOBAL.md","Transcripción en AUDITORIA_GLOBAL/transcripciones o archivo PTT-*.txt"
"75","PTT-20260814-WA0184.opus","MARC\Chat de WhatsApp con MARC\PTT-20260814-WA0184.opus",".opus","69718","15/08/2026 18:10","15/08/2026 18:12","MARC","10_AUDIO","Nota de voz de WhatsApp","SÍ — TRANSCRIPCIÓN AUTOMÁTICA (Vosk; calidad limitada)","ALTA","—","Ver 01_INDICE_DOCUMENTAL_GLOBAL.md","Transcripción en AUDITORIA_GLOBAL/transcripciones o archivo PTT-*.txt"
"76","PTT-20260814-WA0188.opus","MARC\Chat de WhatsApp con MARC\PTT-20260814-WA0188.opus",".opus","4801","15/08/2026 18:10","15/08/2026 18:12","MARC","10_AUDIO","Nota de voz de WhatsApp","SÍ — TRANSCRIPCIÓN AUTOMÁTICA (Vosk; calidad limitada)","ALTA","—","Ver 01_INDICE_DOCUMENTAL_GLOBAL.md","Transcripción en AUDITORIA_GLOBAL/transcripciones o archivo PTT-*.txt"
"77","PTT-20260815-WA0071.opus","MARC\Chat de WhatsApp con MARC\PTT-20260815-WA0071.opus",".opus","36154","15/08/2026 18:10","15/08/2026 18:12","MARC","10_AUDIO","Nota de voz de WhatsApp","SÍ — TRANSCRIPCIÓN AUTOMÁTICA (Vosk; calidad limitada)","ALTA","—","Ver 01_INDICE_DOCUMENTAL_GLOBAL.md","Transcripción en AUDITORIA_GLOBAL/transcripciones o archivo PTT-*.txt"
"78","PTT-20260815-WA0073.opus","MARC\Chat de WhatsApp con MARC\PTT-20260815-WA0073.opus",".opus","23604","15/08/2026 18:10","15/08/2026 18:12","MARC","10_AUDIO","Nota de voz de WhatsApp","SÍ — TRANSCRIPCIÓN AUTOMÁTICA (Vosk; calidad limitada)","ALTA","—","Ver 01_INDICE_DOCUMENTAL_GLOBAL.md","Transcripción en AUDITORIA_GLOBAL/transcripciones o archivo PTT-*.txt"
"79","PTT-20260815-WA0074.opus","MARC\Chat de WhatsApp con MARC\PTT-20260815-WA0074.opus",".opus","39581","15/08/2026 18:10","15/08/2026 18:12","MARC","10_AUDIO","Nota de voz de WhatsApp","SÍ — TRANSCRIPCIÓN AUTOMÁTICA (Vosk; calidad limitada)","ALTA","—","Ver 01_INDICE_DOCUMENTAL_GLOBAL.md","Transcripción en AUDITORIA_GLOBAL/transcripciones o archivo PTT-*.txt"
"80","PTT-20260815-WA0077.opus","MARC\Chat de WhatsApp con MARC\PTT-20260815-WA0077.opus",".opus","21167","15/08/2026 18:10","15/08/2026 18:12","MARC","10_AUDIO","Nota de voz de WhatsApp","SÍ — TRANSCRIPCIÓN AUTOMÁTICA (Vosk; calidad limitada)","ALTA","—","Ver 01_INDICE_DOCUMENTAL_GLOBAL.md","Transcripción en AUDITORIA_GLOBAL/transcripciones o archivo PTT-*.txt"
"81","00_AUDITORIA_MAESTRA_COMPLETA.md","MARC Y AURORA\AUDITORIA_GLOBAL\00_AUDITORIA_MAESTRA_COMPLETA.md",".md","22323","16/08/2026 02:09","16/08/2026 02:10","COMPARTIDO","24_ARCHIVO","Auditoría previa (16/08) — conservada","SÍ — revisada como antecedente","MEDIA","—","Ver 01_INDICE_DOCUMENTAL_GLOBAL.md","Auditoría anterior de Cline; parcialmente errónea (ver 00_AUDITORIA_GLOBAL_COMPLETA.md)"
"82","00_INDICE_AUDITORIA.md","MARC Y AURORA\AUDITORIA_GLOBAL\00_INDICE_AUDITORIA.md",".md","2281","16/08/2026 01:10","16/08/2026 01:10","COMPARTIDO","24_ARCHIVO","Auditoría previa (16/08) — conservada","SÍ — revisada como antecedente","MEDIA","—","Ver 01_INDICE_DOCUMENTAL_GLOBAL.md","Auditoría anterior de Cline; parcialmente errónea (ver 00_AUDITORIA_GLOBAL_COMPLETA.md)"
"83","01_MAPA_CARPETAS.md","MARC Y AURORA\AUDITORIA_GLOBAL\01_MAPA_CARPETAS.md",".md","8680","16/08/2026 01:58","16/08/2026 01:58","COMPARTIDO","24_ARCHIVO","Auditoría previa (16/08) — conservada","SÍ — revisada como antecedente","MEDIA","—","Ver 01_INDICE_DOCUMENTAL_GLOBAL.md","Auditoría anterior de Cline; parcialmente errónea (ver 00_AUDITORIA_GLOBAL_COMPLETA.md)"
"84","02_INVENTARIO_ARCHIVOS.md","MARC Y AURORA\AUDITORIA_GLOBAL\02_INVENTARIO_ARCHIVOS.md",".md","8015","16/08/2026 01:58","16/08/2026 01:59","COMPARTIDO","24_ARCHIVO","Auditoría previa (16/08) — conservada","SÍ — revisada como antecedente","MEDIA","—","Ver 01_INDICE_DOCUMENTAL_GLOBAL.md","Auditoría anterior de Cline; parcialmente errónea (ver 00_AUDITORIA_GLOBAL_COMPLETA.md)"
"85","03_ANALISIS_DOCUMENTAL.md","MARC Y AURORA\AUDITORIA_GLOBAL\03_ANALISIS_DOCUMENTAL.md",".md","8090","16/08/2026 01:59","16/08/2026 01:59","COMPARTIDO","24_ARCHIVO","Auditoría previa (16/08) — conservada","SÍ — revisada como antecedente","MEDIA","—","Ver 01_INDICE_DOCUMENTAL_GLOBAL.md","Auditoría anterior de Cline; parcialmente errónea (ver 00_AUDITORIA_GLOBAL_COMPLETA.md)"
"86","04_MAPA_PERSONAS.md","MARC Y AURORA\AUDITORIA_GLOBAL\04_MAPA_PERSONAS.md",".md","3672","16/08/2026 01:59","16/08/2026 02:00","COMPARTIDO","24_ARCHIVO","Auditoría previa (16/08) — conservada","SÍ — revisada como antecedente","MEDIA","—","Ver 01_INDICE_DOCUMENTAL_GLOBAL.md","Auditoría anterior de Cline; parcialmente errónea (ver 00_AUDITORIA_GLOBAL_COMPLETA.md)"
"87","05_MAPA_EMPRESAS.md","MARC Y AURORA\AUDITORIA_GLOBAL\05_MAPA_EMPRESAS.md",".md","2505","16/08/2026 02:00","16/08/2026 02:00","COMPARTIDO","24_ARCHIVO","Auditoría previa (16/08) — conservada","SÍ — revisada como antecedente","MEDIA","—","Ver 01_INDICE_DOCUMENTAL_GLOBAL.md","Auditoría anterior de Cline; parcialmente errónea (ver 00_AUDITORIA_GLOBAL_COMPLETA.md)"
"88","06_MAPA_PROYECTOS.md","MARC Y AURORA\AUDITORIA_GLOBAL\06_MAPA_PROYECTOS.md",".md","3180","16/08/2026 02:00","16/08/2026 02:06","COMPARTIDO","24_ARCHIVO","Auditoría previa (16/08) — conservada","SÍ — revisada como antecedente","MEDIA","—","Ver 01_INDICE_DOCUMENTAL_GLOBAL.md","Auditoría anterior de Cline; parcialmente errónea (ver 00_AUDITORIA_GLOBAL_COMPLETA.md)"
"89","07_MAPA_CONTRATOS.md","MARC Y AURORA\AUDITORIA_GLOBAL\07_MAPA_CONTRATOS.md",".md","1875","16/08/2026 02:06","16/08/2026 02:06","COMPARTIDO","24_ARCHIVO","Auditoría previa (16/08) — conservada","SÍ — revisada como antecedente","MEDIA","—","Ver 01_INDICE_DOCUMENTAL_GLOBAL.md","Auditoría anterior de Cline; parcialmente errónea (ver 00_AUDITORIA_GLOBAL_COMPLETA.md)"
"90","08_MAPA_MARKETING.md","MARC Y AURORA\AUDITORIA_GLOBAL\08_MAPA_MARKETING.md",".md","1938","16/08/2026 02:07","16/08/2026 02:07","COMPARTIDO","24_ARCHIVO","Auditoría previa (16/08) — conservada","SÍ — revisada como antecedente","MEDIA","—","Ver 01_INDICE_DOCUMENTAL_GLOBAL.md","Auditoría anterior de Cline; parcialmente errónea (ver 00_AUDITORIA_GLOBAL_COMPLETA.md)"
"91","09_MAPA_FINANCIERO.md","MARC Y AURORA\AUDITORIA_GLOBAL\09_MAPA_FINANCIERO.md",".md","1655","16/08/2026 02:07","16/08/2026 02:07","COMPARTIDO","24_ARCHIVO","Auditoría previa (16/08) — conservada","SÍ — revisada como antecedente","MEDIA","—","Ver 01_INDICE_DOCUMENTAL_GLOBAL.md","Auditoría anterior de Cline; parcialmente errónea (ver 00_AUDITORIA_GLOBAL_COMPLETA.md)"
"92","10_MAPA_OPERATIVO.md","MARC Y AURORA\AUDITORIA_GLOBAL\10_MAPA_OPERATIVO.md",".md","2199","16/08/2026 02:07","16/08/2026 02:07","COMPARTIDO","24_ARCHIVO","Auditoría previa (16/08) — conservada","SÍ — revisada como antecedente","MEDIA","—","Ver 01_INDICE_DOCUMENTAL_GLOBAL.md","Auditoría anterior de Cline; parcialmente errónea (ver 00_AUDITORIA_GLOBAL_COMPLETA.md)"
"93","11_MAPA_TECNOLOGICO.md","MARC Y AURORA\AUDITORIA_GLOBAL\11_MAPA_TECNOLOGICO.md",".md","1885","16/08/2026 02:07","16/08/2026 02:07","COMPARTIDO","24_ARCHIVO","Auditoría previa (16/08) — conservada","SÍ — revisada como antecedente","MEDIA","—","Ver 01_INDICE_DOCUMENTAL_GLOBAL.md","Auditoría anterior de Cline; parcialmente errónea (ver 00_AUDITORIA_GLOBAL_COMPLETA.md)"
"94","12_LOCAL_VS_DRIVE.md","MARC Y AURORA\AUDITORIA_GLOBAL\12_LOCAL_VS_DRIVE.md",".md","2585","16/08/2026 02:08","16/08/2026 02:08","COMPARTIDO","24_ARCHIVO","Auditoría previa (16/08) — conservada","SÍ — revisada como antecedente","MEDIA","—","Ver 01_INDICE_DOCUMENTAL_GLOBAL.md","Auditoría anterior de Cline; parcialmente errónea (ver 00_AUDITORIA_GLOBAL_COMPLETA.md)"
"95","13_DUPLICADOS.md","MARC Y AURORA\AUDITORIA_GLOBAL\13_DUPLICADOS.md",".md","2102","16/08/2026 02:08","16/08/2026 02:08","COMPARTIDO","24_ARCHIVO","Auditoría previa (16/08) — conservada","SÍ — revisada como antecedente","MEDIA","—","Ver 01_INDICE_DOCUMENTAL_GLOBAL.md","Auditoría anterior de Cline; parcialmente errónea (ver 00_AUDITORIA_GLOBAL_COMPLETA.md)"
"96","14_CONTRADICCIONES.md","MARC Y AURORA\AUDITORIA_GLOBAL\14_CONTRADICCIONES.md",".md","2815","16/08/2026 02:08","16/08/2026 02:08","COMPARTIDO","24_ARCHIVO","Auditoría previa (16/08) — conservada","SÍ — revisada como antecedente","MEDIA","—","Ver 01_INDICE_DOCUMENTAL_GLOBAL.md","Auditoría anterior de Cline; parcialmente errónea (ver 00_AUDITORIA_GLOBAL_COMPLETA.md)"
"97","15_INFORMACION_FALTANTE.md","MARC Y AURORA\AUDITORIA_GLOBAL\15_INFORMACION_FALTANTE.md",".md","2930","16/08/2026 02:08","16/08/2026 02:09","COMPARTIDO","24_ARCHIVO","Auditoría previa (16/08) — conservada","SÍ — revisada como antecedente","MEDIA","—","Ver 01_INDICE_DOCUMENTAL_GLOBAL.md","Auditoría anterior de Cline; parcialmente errónea (ver 00_AUDITORIA_GLOBAL_COMPLETA.md)"
"98","16_CONCLUSIONES.md","MARC Y AURORA\AUDITORIA_GLOBAL\16_CONCLUSIONES.md",".md","3893","16/08/2026 02:09","16/08/2026 02:09","COMPARTIDO","24_ARCHIVO","Auditoría previa (16/08) — conservada","SÍ — revisada como antecedente","MEDIA","—","Ver 01_INDICE_DOCUMENTAL_GLOBAL.md","Auditoría anterior de Cline; parcialmente errónea (ver 00_AUDITORIA_GLOBAL_COMPLETA.md)"
"99","17_ANALISIS_IMAGENES_FASE2.md","MARC Y AURORA\AUDITORIA_GLOBAL\17_ANALISIS_IMAGENES_FASE2.md",".md","3018","16/08/2026 02:33","16/08/2026 02:33","COMPARTIDO","24_ARCHIVO","Auditoría previa (16/08) — conservada","SÍ — revisada como antecedente","MEDIA","—","Ver 01_INDICE_DOCUMENTAL_GLOBAL.md","Auditoría anterior de Cline; parcialmente errónea (ver 00_AUDITORIA_GLOBAL_COMPLETA.md)"
"100","18_DOCUMENTOS_RECUPERADOS_FASE2.md","MARC Y AURORA\AUDITORIA_GLOBAL\18_DOCUMENTOS_RECUPERADOS_FASE2.md",".md","12453","16/08/2026 02:31","16/08/2026 02:31","COMPARTIDO","24_ARCHIVO","Auditoría previa (16/08) — conservada","SÍ — revisada como antecedente","MEDIA","—","Ver 01_INDICE_DOCUMENTAL_GLOBAL.md","Auditoría anterior de Cline; parcialmente errónea (ver 00_AUDITORIA_GLOBAL_COMPLETA.md)"
"101","00_RESUMEN_EJECUTIVO_AURORA.md","MARC Y AURORA\AURORA\00_AUDITORIA_MAESTRA\00_RESUMEN_EJECUTIVO_AURORA.md",".md","765","15/08/2026 19:02","15/08/2026 19:03","AURORA","25_PENDIENTE_DE_REVISIÓN","","SÍ — texto leído","ALTA","—","Ver 01_INDICE_DOCUMENTAL_GLOBAL.md","—"
"102","01_AUDITORIA_COMPLETA_AURORA.md","MARC Y AURORA\AURORA\00_AUDITORIA_MAESTRA\01_AUDITORIA_COMPLETA_AURORA.md",".md","840","15/08/2026 19:03","15/08/2026 19:03","AURORA","25_PENDIENTE_DE_REVISIÓN","","SÍ — texto leído","ALTA","—","Ver 01_INDICE_DOCUMENTAL_GLOBAL.md","—"
"103","01_INVENTARIO_DOCUMENTAL.md","MARC Y AURORA\AURORA\00_AUDITORIA_MAESTRA\01_INVENTARIO_DOCUMENTAL.md",".md","916","15/08/2026 19:01","15/08/2026 19:01","AURORA","25_PENDIENTE_DE_REVISIÓN","","SÍ — texto leído","ALTA","—","Ver 01_INDICE_DOCUMENTAL_GLOBAL.md","—"
"104","02_AUDITORIA_DE_MARC.md","MARC Y AURORA\AURORA\00_AUDITORIA_MAESTRA\02_AUDITORIA_DE_MARC.md",".md","443","15/08/2026 19:03","15/08/2026 19:03","AURORA","25_PENDIENTE_DE_REVISIÓN","","SÍ — texto leído","ALTA","—","Ver 01_INDICE_DOCUMENTAL_GLOBAL.md","—"
"105","02_CONTEXTO_NEGOCIO.md","MARC Y AURORA\AURORA\00_AUDITORIA_MAESTRA\02_CONTEXTO_NEGOCIO.md",".md","596","15/08/2026 19:01","15/08/2026 19:01","AURORA","25_PENDIENTE_DE_REVISIÓN","","SÍ — texto leído","ALTA","—","Ver 01_INDICE_DOCUMENTAL_GLOBAL.md","—"
"106","03_MAPA_DEL_NEGOCIO_AURORA.md","MARC Y AURORA\AURORA\00_AUDITORIA_MAESTRA\03_MAPA_DEL_NEGOCIO_AURORA.md",".md","527","15/08/2026 19:03","15/08/2026 19:03","AURORA","25_PENDIENTE_DE_REVISIÓN","","SÍ — texto leído","ALTA","—","Ver 01_INDICE_DOCUMENTAL_GLOBAL.md","—"
"107","03_OFERTA_Y_PRODUCTOS.md","MARC Y AURORA\AURORA\00_AUDITORIA_MAESTRA\03_OFERTA_Y_PRODUCTOS.md",".md","570","15/08/2026 19:01","15/08/2026 19:01","AURORA","25_PENDIENTE_DE_REVISIÓN","","SÍ — texto leído","ALTA","—","Ver 01_INDICE_DOCUMENTAL_GLOBAL.md","—"
"108","04_MAPA_DE_MARKETING_AURORA.md","MARC Y AURORA\AURORA\00_AUDITORIA_MAESTRA\04_MAPA_DE_MARKETING_AURORA.md",".md","350","15/08/2026 19:03","15/08/2026 19:03","AURORA","25_PENDIENTE_DE_REVISIÓN","","SÍ — texto leído","ALTA","—","Ver 01_INDICE_DOCUMENTAL_GLOBAL.md","—"
"109","04_MARKETING.md","MARC Y AURORA\AURORA\00_AUDITORIA_MAESTRA\04_MARKETING.md",".md","357","15/08/2026 19:01","15/08/2026 19:01","AURORA","25_PENDIENTE_DE_REVISIÓN","","SÍ — texto leído","ALTA","—","Ver 01_INDICE_DOCUMENTAL_GLOBAL.md","—"
"110","05_MAPA_DEL_EMBUDO_AURORA.md","MARC Y AURORA\AURORA\00_AUDITORIA_MAESTRA\05_MAPA_DEL_EMBUDO_AURORA.md",".md","275","15/08/2026 19:03","15/08/2026 19:03","AURORA","25_PENDIENTE_DE_REVISIÓN","","SÍ — texto leído","ALTA","—","Ver 01_INDICE_DOCUMENTAL_GLOBAL.md","—"
"111","05_VENTAS.md","MARC Y AURORA\AURORA\00_AUDITORIA_MAESTRA\05_VENTAS.md",".md","503","15/08/2026 19:01","15/08/2026 19:01","AURORA","25_PENDIENTE_DE_REVISIÓN","","SÍ — texto leído","ALTA","—","Ver 01_INDICE_DOCUMENTAL_GLOBAL.md","—"
"112","06_EMBUDO.md","MARC Y AURORA\AURORA\00_AUDITORIA_MAESTRA\06_EMBUDO.md",".md","459","15/08/2026 19:01","15/08/2026 19:01","AURORA","25_PENDIENTE_DE_REVISIÓN","","SÍ — texto leído","ALTA","—","Ver 01_INDICE_DOCUMENTAL_GLOBAL.md","—"
"113","06_MAPA_DE_AUTOMATIZACIONES_AURORA.md","MARC Y AURORA\AURORA\00_AUDITORIA_MAESTRA\06_MAPA_DE_AUTOMATIZACIONES_AURORA.md",".md","312","15/08/2026 19:03","15/08/2026 19:03","AURORA","25_PENDIENTE_DE_REVISIÓN","","SÍ — texto leído","ALTA","—","Ver 01_INDICE_DOCUMENTAL_GLOBAL.md","—"
"114","07_AUDITORIA_DE_HERRAMIENTAS_AURORA.md","MARC Y AURORA\AURORA\00_AUDITORIA_MAESTRA\07_AUDITORIA_DE_HERRAMIENTAS_AURORA.md",".md","441","15/08/2026 19:03","15/08/2026 19:03","AURORA","25_PENDIENTE_DE_REVISIÓN","","SÍ — texto leído","ALTA","—","Ver 01_INDICE_DOCUMENTAL_GLOBAL.md","—"
"115","07_AUTOMATIZACIONES.md","MARC Y AURORA\AURORA\00_AUDITORIA_MAESTRA\07_AUTOMATIZACIONES.md",".md","377","15/08/2026 19:01","15/08/2026 19:01","AURORA","25_PENDIENTE_DE_REVISIÓN","","SÍ — texto leído","ALTA","—","Ver 01_INDICE_DOCUMENTAL_GLOBAL.md","—"
"116","08_AUDITORIA_FINANCIERA_AURORA.md","MARC Y AURORA\AURORA\00_AUDITORIA_MAESTRA\08_AUDITORIA_FINANCIERA_AURORA.md",".md","220","15/08/2026 19:03","15/08/2026 19:03","AURORA","25_PENDIENTE_DE_REVISIÓN","","SÍ — texto leído","ALTA","—","Ver 01_INDICE_DOCUMENTAL_GLOBAL.md","—"
"117","08_IA_Y_TECNOLOGIA.md","MARC Y AURORA\AURORA\00_AUDITORIA_MAESTRA\08_IA_Y_TECNOLOGIA.md",".md","381","15/08/2026 19:01","15/08/2026 19:01","AURORA","25_PENDIENTE_DE_REVISIÓN","","SÍ — texto leído","ALTA","—","Ver 01_INDICE_DOCUMENTAL_GLOBAL.md","—"
"118","09_AUDITORIA_CONTRACTUAL_AURORA.md","MARC Y AURORA\AURORA\00_AUDITORIA_MAESTRA\09_AUDITORIA_CONTRACTUAL_AURORA.md",".md","290","15/08/2026 19:03","15/08/2026 19:03","AURORA","25_PENDIENTE_DE_REVISIÓN","","SÍ — texto leído","ALTA","—","Ver 01_INDICE_DOCUMENTAL_GLOBAL.md","—"
"119","09_HERRAMIENTAS_Y_ACCESOS.md","MARC Y AURORA\AURORA\00_AUDITORIA_MAESTRA\09_HERRAMIENTAS_Y_ACCESOS.md",".md","394","15/08/2026 19:01","15/08/2026 19:01","AURORA","25_PENDIENTE_DE_REVISIÓN","","SÍ — texto leído","ALTA","—","Ver 01_INDICE_DOCUMENTAL_GLOBAL.md","—"
"120","10_FINANZAS_Y_PRECIOS.md","MARC Y AURORA\AURORA\00_AUDITORIA_MAESTRA\10_FINANZAS_Y_PRECIOS.md",".md","331","15/08/2026 19:01","15/08/2026 19:02","AURORA","25_PENDIENTE_DE_REVISIÓN","","SÍ — texto leído","ALTA","—","Ver 01_INDICE_DOCUMENTAL_GLOBAL.md","—"
"121","10_KPI_Y_METRICAS_AURORA.md","MARC Y AURORA\AURORA\00_AUDITORIA_MAESTRA\10_KPI_Y_METRICAS_AURORA.md",".md","224","15/08/2026 19:03","15/08/2026 19:03","AURORA","25_PENDIENTE_DE_REVISIÓN","","SÍ — texto leído","ALTA","—","Ver 01_INDICE_DOCUMENTAL_GLOBAL.md","—"
"122","11_CONTRATOS_Y_RESPONSABILIDADES.md","MARC Y AURORA\AURORA\00_AUDITORIA_MAESTRA\11_CONTRATOS_Y_RESPONSABILIDADES.md",".md","306","15/08/2026 19:02","15/08/2026 19:02","AURORA","25_PENDIENTE_DE_REVISIÓN","","SÍ — texto leído","ALTA","—","Ver 01_INDICE_DOCUMENTAL_GLOBAL.md","—"
"123","11_RIESGOS_AURORA.md","MARC Y AURORA\AURORA\00_AUDITORIA_MAESTRA\11_RIESGOS_AURORA.md",".md","398","15/08/2026 19:03","15/08/2026 19:03","AURORA","25_PENDIENTE_DE_REVISIÓN","","SÍ — texto leído","ALTA","—","Ver 01_INDICE_DOCUMENTAL_GLOBAL.md","—"
"124","12_KPIS_Y_METRICAS.md","MARC Y AURORA\AURORA\00_AUDITORIA_MAESTRA\12_KPIS_Y_METRICAS.md",".md","239","15/08/2026 19:02","15/08/2026 19:02","AURORA","25_PENDIENTE_DE_REVISIÓN","","SÍ — texto leído","ALTA","—","Ver 01_INDICE_DOCUMENTAL_GLOBAL.md","—"
"125","12_OPORTUNIDADES_AURORA.md","MARC Y AURORA\AURORA\00_AUDITORIA_MAESTRA\12_OPORTUNIDADES_AURORA.md",".md","422","15/08/2026 19:03","15/08/2026 19:03","AURORA","25_PENDIENTE_DE_REVISIÓN","","SÍ — texto leído","ALTA","—","Ver 01_INDICE_DOCUMENTAL_GLOBAL.md","—"
"126","13_PREGUNTAS_PARA_AURORA.md","MARC Y AURORA\AURORA\00_AUDITORIA_MAESTRA\13_PREGUNTAS_PARA_AURORA.md",".md","542","15/08/2026 19:03","15/08/2026 19:04","AURORA","25_PENDIENTE_DE_REVISIÓN","","SÍ — texto leído","ALTA","—","Ver 01_INDICE_DOCUMENTAL_GLOBAL.md","—"
"127","13_PROBLEMAS_Y_RIESGOS.md","MARC Y AURORA\AURORA\00_AUDITORIA_MAESTRA\13_PROBLEMAS_Y_RIESGOS.md",".md","451","15/08/2026 19:02","15/08/2026 19:02","AURORA","25_PENDIENTE_DE_REVISIÓN","","SÍ — texto leído","ALTA","—","Ver 01_INDICE_DOCUMENTAL_GLOBAL.md","—"
"128","14_OPORTUNIDADES.md","MARC Y AURORA\AURORA\00_AUDITORIA_MAESTRA\14_OPORTUNIDADES.md",".md","480","15/08/2026 19:02","15/08/2026 19:02","AURORA","25_PENDIENTE_DE_REVISIÓN","","SÍ — texto leído","ALTA","—","Ver 01_INDICE_DOCUMENTAL_GLOBAL.md","—"
"129","14_PLAN_30_60_90_AURORA.md","MARC Y AURORA\AURORA\00_AUDITORIA_MAESTRA\14_PLAN_30_60_90_AURORA.md",".md","474","15/08/2026 19:05","15/08/2026 19:06","AURORA","25_PENDIENTE_DE_REVISIÓN","","SÍ — texto leído","ALTA","—","Ver 01_INDICE_DOCUMENTAL_GLOBAL.md","—"
"130","15_PREGUNTAS_PENDIENTES.md","MARC Y AURORA\AURORA\00_AUDITORIA_MAESTRA\15_PREGUNTAS_PENDIENTES.md",".md","663","15/08/2026 19:02","15/08/2026 19:02","AURORA","25_PENDIENTE_DE_REVISIÓN","","SÍ — texto leído","ALTA","—","Ver 01_INDICE_DOCUMENTAL_GLOBAL.md","—"
"131","15_REUNION_BRIEF_AURORA.md","MARC Y AURORA\AURORA\00_AUDITORIA_MAESTRA\15_REUNION_BRIEF_AURORA.md",".md","411","15/08/2026 19:05","15/08/2026 19:06","AURORA","25_PENDIENTE_DE_REVISIÓN","","SÍ — texto leído","ALTA","—","Ver 01_INDICE_DOCUMENTAL_GLOBAL.md","—"
"132","16_DOCUMENTO_ALINEACION_AURORA.md","MARC Y AURORA\AURORA\00_AUDITORIA_MAESTRA\16_DOCUMENTO_ALINEACION_AURORA.md",".md","551","15/08/2026 19:05","15/08/2026 19:06","AURORA","25_PENDIENTE_DE_REVISIÓN","","SÍ — texto leído","ALTA","—","Ver 01_INDICE_DOCUMENTAL_GLOBAL.md","—"
"133","16_PLAN_DE_ACCION.md","MARC Y AURORA\AURORA\00_AUDITORIA_MAESTRA\16_PLAN_DE_ACCION.md",".md","444","15/08/2026 19:02","15/08/2026 19:02","AURORA","25_PENDIENTE_DE_REVISIÓN","","SÍ — texto leído","ALTA","—","Ver 01_INDICE_DOCUMENTAL_GLOBAL.md","—"
"134","17_DOCUMENTOS_PARA_REUNION.md","MARC Y AURORA\AURORA\00_AUDITORIA_MAESTRA\17_DOCUMENTOS_PARA_REUNION.md",".md","630","15/08/2026 19:02","15/08/2026 19:02","AURORA","25_PENDIENTE_DE_REVISIÓN","","SÍ — texto leído","ALTA","—","Ver 01_INDICE_DOCUMENTAL_GLOBAL.md","—"
"135","17_FUENTES_AURORA.md","MARC Y AURORA\AURORA\00_AUDITORIA_MAESTRA\17_FUENTES_AURORA.md",".md","604","15/08/2026 19:05","15/08/2026 19:06","AURORA","25_PENDIENTE_DE_REVISIÓN","","SÍ — texto leído","ALTA","—","Ver 01_INDICE_DOCUMENTAL_GLOBAL.md","—"
"136","18_FUENTES_Y_EVIDENCIAS.md","MARC Y AURORA\AURORA\00_AUDITORIA_MAESTRA\18_FUENTES_Y_EVIDENCIAS.md",".md","656","15/08/2026 19:02","15/08/2026 19:03","AURORA","25_PENDIENTE_DE_REVISIÓN","","SÍ — texto leído","ALTA","—","Ver 01_INDICE_DOCUMENTAL_GLOBAL.md","—"
"137","Imágenes Aurora","GOOGLE DRIVE / RAIZ","(carpeta)","n/d","n/d","n/d","AURORA","11_IMÁGENES","Carpeta Drive","SÍ — recorrido e inventariado","MEDIA","—","Ver 14_GOOGLE_DRIVE_AUDITORIA.md","Carpeta de Google Drive"
"138","2026_06_03_18_16_49_923.mp4","GOOGLE DRIVE / Imágenes Aurora",".mp4","n/d","n/d","n/d","AURORA","11_IMÁGENES","Vídeo Drive","NO LEÍDO — vídeo sin transcribir","ALTA","—","Ver 14_GOOGLE_DRIVE_AUDITORIA.md","Carpeta Drive: Imágenes Aurora. Posible material para VSL/videos (INFERENCIA)"
"139","2026_06_03_18_19_54_651.mp4","GOOGLE DRIVE / Imágenes Aurora",".mp4","n/d","n/d","n/d","AURORA","11_IMÁGENES","Vídeo Drive","NO LEÍDO — vídeo sin transcribir","ALTA","—","Ver 14_GOOGLE_DRIVE_AUDITORIA.md","Carpeta Drive: Imágenes Aurora. Posible material para VSL/videos (INFERENCIA)"
"140","2026_06_04_13_26_21_906 (1).mp4","GOOGLE DRIVE / Imágenes Aurora",".mp4","n/d","n/d","n/d","AURORA","11_IMÁGENES","Vídeo Drive","NO LEÍDO — vídeo sin transcribir","ALTA","—","Ver 14_GOOGLE_DRIVE_AUDITORIA.md","Carpeta Drive: Imágenes Aurora. Posible material para VSL/videos (INFERENCIA)"
"141","2026_06_04_14_21_01_003 (1).mp4","GOOGLE DRIVE / Imágenes Aurora",".mp4","n/d","n/d","n/d","AURORA","11_IMÁGENES","Vídeo Drive","NO LEÍDO — vídeo sin transcribir","ALTA","—","Ver 14_GOOGLE_DRIVE_AUDITORIA.md","Carpeta Drive: Imágenes Aurora. Posible material para VSL/videos (INFERENCIA)"
"142","2026_06_04_14_40_21_015 (2).mp4","GOOGLE DRIVE / Imágenes Aurora",".mp4","n/d","n/d","n/d","AURORA","11_IMÁGENES","Vídeo Drive","NO LEÍDO — vídeo sin transcribir","ALTA","—","Ver 14_GOOGLE_DRIVE_AUDITORIA.md","Carpeta Drive: Imágenes Aurora. Posible material para VSL/videos (INFERENCIA)"
"143","2026_06_04_15_16_24_737.mp4","GOOGLE DRIVE / Imágenes Aurora",".mp4","n/d","n/d","n/d","AURORA","11_IMÁGENES","Vídeo Drive","NO LEÍDO — vídeo sin transcribir","ALTA","—","Ver 14_GOOGLE_DRIVE_AUDITORIA.md","Carpeta Drive: Imágenes Aurora. Posible material para VSL/videos (INFERENCIA)"
"144","2026_06_08_16_43_29_348.mp4","GOOGLE DRIVE / Imágenes Aurora",".mp4","n/d","n/d","n/d","AURORA","11_IMÁGENES","Vídeo Drive","NO LEÍDO — vídeo sin transcribir","ALTA","—","Ver 14_GOOGLE_DRIVE_AUDITORIA.md","Carpeta Drive: Imágenes Aurora. Posible material para VSL/videos (INFERENCIA)"
"145","IMG-20260326-WA0008.jpg","GOOGLE DRIVE / Imágenes Aurora",".jpg","n/d","n/d","n/d","AURORA","11_IMÁGENES","Imagen Drive (analizada)","SÍ — descargada y analizada visualmente","MEDIA","—","Ver 14_GOOGLE_DRIVE_AUDITORIA.md","Carpeta Drive: Imágenes Aurora"
"146","IMG-20260326-WA0009.jpg","GOOGLE DRIVE / Imágenes Aurora",".jpg","n/d","n/d","n/d","AURORA","11_IMÁGENES","Imagen Drive (analizada)","SÍ — descargada y analizada visualmente","MEDIA","—","Ver 14_GOOGLE_DRIVE_AUDITORIA.md","Carpeta Drive: Imágenes Aurora"
"147","IMG-20260326-WA0010.jpg","GOOGLE DRIVE / Imágenes Aurora",".jpg","n/d","n/d","n/d","AURORA","11_IMÁGENES","Imagen Drive (analizada)","SÍ — descargada y analizada visualmente","MEDIA","—","Ver 14_GOOGLE_DRIVE_AUDITORIA.md","Carpeta Drive: Imágenes Aurora"
"148","IMG20260312140304~3.jpg","GOOGLE DRIVE / Imágenes Aurora",".jpg","n/d","n/d","n/d","AURORA","11_IMÁGENES","Imagen Drive (analizada)","SÍ — descargada y analizada visualmente","MEDIA","—","Ver 14_GOOGLE_DRIVE_AUDITORIA.md","Carpeta Drive: Imágenes Aurora"
"149","lv_0_20260529165214.mp4","GOOGLE DRIVE / Imágenes Aurora",".mp4","n/d","n/d","n/d","AURORA","11_IMÁGENES","Vídeo Drive","NO LEÍDO — vídeo sin transcribir","ALTA","—","Ver 14_GOOGLE_DRIVE_AUDITORIA.md","Carpeta Drive: Imágenes Aurora. Posible material para VSL/videos (INFERENCIA)"
"150","Screenshot_2026-04-28-19-11-48-71_a23b203fd3aafc6dcb84e438dda678b6~3.jpg","GOOGLE DRIVE / Imágenes Aurora",".jpg","n/d","n/d","n/d","AURORA","11_IMÁGENES","Imagen Drive (analizada)","SÍ — descargada y analizada visualmente","MEDIA","—","Ver 14_GOOGLE_DRIVE_AUDITORIA.md","Carpeta Drive: Imágenes Aurora"
"151","VID_20260412_080339_740.mp4","GOOGLE DRIVE / Imágenes Aurora",".mp4","n/d","n/d","n/d","AURORA","11_IMÁGENES","Vídeo Drive","NO LEÍDO — vídeo sin transcribir","ALTA","—","Ver 14_GOOGLE_DRIVE_AUDITORIA.md","Carpeta Drive: Imágenes Aurora. Posible material para VSL/videos (INFERENCIA)"
"152","Video de auroravelavelasci","GOOGLE DRIVE / Imágenes Aurora","(gdoc)","n/d","n/d","n/d","AURORA","25_PENDIENTE_DE_REVISIÓN","","NO LEÍDO","MEDIA","—","Ver 14_GOOGLE_DRIVE_AUDITORIA.md","Carpeta Drive: Imágenes Aurora"
"153","Testimonios","GOOGLE DRIVE / RAIZ","(carpeta)","n/d","n/d","n/d","AURORA","10_VENTAS","Carpeta Drive","SÍ — recorrido: carpeta VACÍA","ALTA","—","Ver 14_GOOGLE_DRIVE_AUDITORIA.md","Carpeta de Google Drive (sin correspondencia local)"
"154","Ventas","GOOGLE DRIVE / RAIZ","(carpeta)","n/d","n/d","n/d","AURORA","10_VENTAS","Carpeta Drive","SÍ — recorrido e inventariado","MEDIA","—","Ver 14_GOOGLE_DRIVE_AUDITORIA.md","Carpeta de Google Drive"
"155","CORRECCIÓN DE LLAMADAS DE VENTA Y SETTING","GOOGLE DRIVE / Ventas","(gdoc)","n/d","n/d","n/d","AURORA","10_VENTAS","Plantilla de llamadas de venta y setting","SÍ — exportado y leído","MEDIA","—","Ver 14_GOOGLE_DRIVE_AUDITORIA.md","Carpeta Drive: Ventas"
"156","analisis_competencia_directa.docx","GOOGLE DRIVE / RAIZ",".docx","n/d","n/d","n/d","AURORA","19_ESTRATEGIA","Análisis de competencia directa","SÍ — descargado y leído","ALTA","—","Ver 14_GOOGLE_DRIVE_AUDITORIA.md","Carpeta Drive: RAIZ"
"157","Aurora - Plan de Contenidos","GOOGLE DRIVE / RAIZ","(gdoc)","n/d","n/d","n/d","AURORA","05_MARKETING","Plan de contenidos de Aurora","SÍ — exportado y leído","ALTA","—","Ver 14_GOOGLE_DRIVE_AUDITORIA.md","Carpeta Drive: RAIZ"
"158","Aurora - Ángulos de Comunicación","GOOGLE DRIVE / RAIZ","(gdoc)","n/d","n/d","n/d","AURORA","05_MARKETING","Ángulos de comunicación de Aurora","SÍ — exportado y leído","ALTA","—","Ver 14_GOOGLE_DRIVE_AUDITORIA.md","Carpeta Drive: RAIZ"
"159","enamorandote_de_tu_cliente_nutricion_higienismo.docx","GOOGLE DRIVE / RAIZ",".docx","n/d","n/d","n/d","AURORA","07_CLIENTES","Cliente ideal / enamorándote de tu cliente","SÍ — descargado y leído","ALTA","—","Ver 14_GOOGLE_DRIVE_AUDITORIA.md","Carpeta Drive: RAIZ"
"160","METODOLOGÍA AURORA.docx","GOOGLE DRIVE / RAIZ",".docx","n/d","n/d","n/d","AURORA","17_PRODUCTOS","Metodología AURORA (SOBERANÍA VITAL)","SÍ — descargado y leído","ALTA","—","Ver 14_GOOGLE_DRIVE_AUDITORIA.md","Carpeta Drive: RAIZ"
