archivo,ruta,tipo,tamaño_bytes,fecha_mod,proyecto,persona,categoria_A_F,sensibilidad
PROMPT_01_MISION_PRINCIPAL.md,00_CONTROL/01_PROMPTS_Y_CONTEXTO/PROMPT_01_MISION_PRINCIPAL.md,Markdown,3738,2026-08-18,INFRA,Sebastián/Compartido,D,BAJA
PROMPT_02_EJECUCION_ECOSISTEMA_MARC.md,00_CONTROL/01_PROMPTS_Y_CONTEXTO/PROMPT_02_EJECUCION_ECOSISTEMA_MARC.md,Markdown,1735,2026-08-18,INFRA,Sebastián/Compartido,D,BAJA
PROMPT_03_AUDITORIA_TOTAL.md,00_CONTROL/01_PROMPTS_Y_CONTEXTO/PROMPT_03_AUDITORIA_TOTAL.md,Markdown,2187,2026-08-18,INFRA,Sebastián/Compartido,D,BAJA
PROMPT_04_OPERADOR_AUTONOMO.md,00_CONTROL/01_PROMPTS_Y_CONTEXTO/PROMPT_04_OPERADOR_AUTONOMO.md,Markdown,1926,2026-08-18,INFRA,Sebastián/Compartido,D,BAJA
PROMPT_05_CONTEXTO_TRANSFERENCIA.md,00_CONTROL/01_PROMPTS_Y_CONTEXTO/PROMPT_05_CONTEXTO_TRANSFERENCIA.md,Markdown,5026,2026-08-18,INFRA,Sebastián/Compartido,D,BAJA
ACCESS_MAP.md,00_CONTROL/ACCESS_MAP.md,Markdown,3274,2026-08-18,INFRA,Sebastián/Compartido,D,BAJA
ASSET_MAP.md,00_CONTROL/ASSET_MAP.md,Markdown,2612,2026-08-18,INFRA,Sebastián/Compartido,D,BAJA
BUSINESS_MAP.md,00_CONTROL/BUSINESS_MAP.md,Markdown,5414,2026-08-18,INFRA,Sebastián/Compartido,D,BAJA
CENTRO_DE_CONTROL.md,00_CONTROL/CENTRO_DE_CONTROL.md,Markdown,2962,2026-08-18,INFRA,Sebastián/Compartido,D,BAJA
CHANGELOG.md,00_CONTROL/CHANGELOG.md,Markdown,2624,2026-08-18,INFRA,Sebastián/Compartido,D,BAJA
CHANNEL_MAP.md,00_CONTROL/CHANNEL_MAP.md,Markdown,2682,2026-08-18,INFRA,Sebastián/Compartido,D,BAJA
CONTEXTO_MAESTRO_AURORA.md,00_CONTROL/CONTEXTO_MAESTRO_AURORA.md,Markdown,4071,2026-08-18,INFRA,Aurora,D,BAJA
CONTEXTO_MAESTRO_MARC.md,00_CONTROL/CONTEXTO_MAESTRO_MARC.md,Markdown,6760,2026-08-18,INFRA,Sebastián/Compartido,D,BAJA
DECISIONS.md,00_CONTROL/DECISIONS.md,Markdown,3948,2026-08-18,INFRA,Sebastián/Compartido,D,BAJA
INFORME_AUDITORIA_INICIAL.md,00_CONTROL/INFORME_AUDITORIA_INICIAL.md,Markdown,3978,2026-08-18,INFRA,Sebastián/Compartido,D,BAJA
INVENTARIO_COMPLETO.csv,00_CONTROL/INVENTARIO_COMPLETO.csv,CSV,67005,2026-08-18,INFRA,Sebastián/Compartido,E,BAJA
INVENTARIO_MAESTRO.md,00_CONTROL/INVENTARIO_MAESTRO.md,Markdown,15678,2026-08-18,INFRA,Sebastián/Compartido,D,BAJA
KPI_FRAMEWORK.md,00_CONTROL/KPI_FRAMEWORK.md,Markdown,2721,2026-08-18,INFRA,Sebastián/Compartido,D,BAJA
MAPA_GENERAL.md,00_CONTROL/MAPA_GENERAL.md,Markdown,7628,2026-08-18,INFRA,Sebastián/Compartido,D,BAJA
ROADMAP_30_DAYS.md,00_CONTROL/ROADMAP_30_DAYS.md,Markdown,2898,2026-08-18,INFRA,Sebastián/Compartido,D,BAJA
SESION_2026-08-18.md,00_CONTROL/SESION_2026-08-18.md,Markdown,3952,2026-08-18,INFRA,Sebastián/Compartido,D,BAJA
TASKS.md,00_CONTROL/TASKS.md,Markdown,5390,2026-08-18,INFRA,Sebastián/Compartido,D,BAJA
TOOL_MAP.md,00_CONTROL/TOOL_MAP.md,Markdown,2372,2026-08-18,INFRA,Sebastián/Compartido,D,BAJA
_gen_assets_marc.py,00_CONTROL/_gen_assets_marc.py,PY,3517,2026-08-18,INFRA,Sebastián/Compartido,E,BAJA
_gen_inventario.py,00_CONTROL/_gen_inventario.py,PY,3887,2026-08-18,INFRA,Sebastián/Compartido,E,BAJA
_ig_audit_marc.py,00_CONTROL/_ig_audit_marc.py,PY,4202,2026-08-18,INFRA,Sebastián/Compartido,E,BAJA
_ig_login_aurora.py,00_CONTROL/_ig_login_aurora.py,PY,1334,2026-08-18,INFRA,Aurora,E,BAJA
_ig_login_check.py,00_CONTROL/_ig_login_check.py,PY,931,2026-08-18,INFRA,Sebastián/Compartido,E,BAJA
_ig_login_marc.py,00_CONTROL/_ig_login_marc.py,PY,2905,2026-08-18,INFRA,Sebastián/Compartido,E,BAJA
_ig_probe.py,00_CONTROL/_ig_probe.py,PY,1348,2026-08-18,INFRA,Sebastián/Compartido,E,BAJA
_ig_state.py,00_CONTROL/_ig_state.py,PY,1592,2026-08-18,INFRA,Sebastián/Compartido,E,BAJA
_reexplorar.py,00_CONTROL/_reexplorar.py,PY,1337,2026-08-18,INFRA,Sebastián/Compartido,E,BAJA
AGENDA_REUNION_2026-08-20.md,03_ESCALA/AGENDA_REUNION_2026-08-20.md,Markdown,3350,2026-08-18,INFRA,Sebastián/Compartido,D,BAJA
CONTEXTO_ESCALA.md,03_ESCALA/CONTEXTO_ESCALA.md,Markdown,3416,2026-08-18,INFRA,Sebastián/Compartido,D,BAJA
00_AUDITORIA_MAESTRA_COMPLETA.md,AUDITORIA_GLOBAL/00_AUDITORIA_MAESTRA_COMPLETA.md,Markdown,22323,2026-08-16,COMPARTIDO,Agente (auditoría),D,BAJA
00_INDICE_AUDITORIA.md,AUDITORIA_GLOBAL/00_INDICE_AUDITORIA.md,Markdown,2281,2026-08-16,COMPARTIDO,Agente (auditoría),D,BAJA
01_MAPA_CARPETAS.md,AUDITORIA_GLOBAL/01_MAPA_CARPETAS.md,Markdown,8680,2026-08-16,COMPARTIDO,Agente (auditoría),D,BAJA
02_INVENTARIO_ARCHIVOS.md,AUDITORIA_GLOBAL/02_INVENTARIO_ARCHIVOS.md,Markdown,8015,2026-08-16,COMPARTIDO,Agente (auditoría),D,BAJA
03_ANALISIS_DOCUMENTAL.md,AUDITORIA_GLOBAL/03_ANALISIS_DOCUMENTAL.md,Markdown,8090,2026-08-16,COMPARTIDO,Agente (auditoría),D,BAJA
04_MAPA_PERSONAS.md,AUDITORIA_GLOBAL/04_MAPA_PERSONAS.md,Markdown,3672,2026-08-16,COMPARTIDO,Agente (auditoría),D,BAJA
05_MAPA_EMPRESAS.md,AUDITORIA_GLOBAL/05_MAPA_EMPRESAS.md,Markdown,2505,2026-08-16,COMPARTIDO,Agente (auditoría),D,BAJA
06_MAPA_PROYECTOS.md,AUDITORIA_GLOBAL/06_MAPA_PROYECTOS.md,Markdown,3180,2026-08-16,COMPARTIDO,Agente (auditoría),D,BAJA
07_MAPA_CONTRATOS.md,AUDITORIA_GLOBAL/07_MAPA_CONTRATOS.md,Markdown,1875,2026-08-16,COMPARTIDO,Agente (auditoría),D,ALTA (contractual/personal)
08_MAPA_MARKETING.md,AUDITORIA_GLOBAL/08_MAPA_MARKETING.md,Markdown,1938,2026-08-16,COMPARTIDO,Agente (auditoría),D,BAJA
09_MAPA_FINANCIERO.md,AUDITORIA_GLOBAL/09_MAPA_FINANCIERO.md,Markdown,1655,2026-08-16,COMPARTIDO,Agente (auditoría),D,BAJA
10_MAPA_OPERATIVO.md,AUDITORIA_GLOBAL/10_MAPA_OPERATIVO.md,Markdown,2199,2026-08-16,COMPARTIDO,Agente (auditoría),D,BAJA
11_MAPA_TECNOLOGICO.md,AUDITORIA_GLOBAL/11_MAPA_TECNOLOGICO.md,Markdown,1885,2026-08-16,COMPARTIDO,Agente (auditoría),D,BAJA
12_LOCAL_VS_DRIVE.md,AUDITORIA_GLOBAL/12_LOCAL_VS_DRIVE.md,Markdown,2585,2026-08-16,COMPARTIDO,Agente (auditoría),D,BAJA
13_DUPLICADOS.md,AUDITORIA_GLOBAL/13_DUPLICADOS.md,Markdown,2102,2026-08-16,COMPARTIDO,Agente (auditoría),D,BAJA
14_CONTRADICCIONES.md,AUDITORIA_GLOBAL/14_CONTRADICCIONES.md,Markdown,2815,2026-08-16,COMPARTIDO,Agente (auditoría),D,BAJA
15_INFORMACION_FALTANTE.md,AUDITORIA_GLOBAL/15_INFORMACION_FALTANTE.md,Markdown,2930,2026-08-16,COMPARTIDO,Agente (auditoría),D,BAJA
16_CONCLUSIONES.md,AUDITORIA_GLOBAL/16_CONCLUSIONES.md,Markdown,3893,2026-08-16,COMPARTIDO,Agente (auditoría),D,BAJA
17_ANALISIS_IMAGENES_FASE2.md,AUDITORIA_GLOBAL/17_ANALISIS_IMAGENES_FASE2.md,Markdown,3018,2026-08-16,COMPARTIDO,Agente (auditoría),D,BAJA
18_DOCUMENTOS_RECUPERADOS_FASE2.md,AUDITORIA_GLOBAL/18_DOCUMENTOS_RECUPERADOS_FASE2.md,Markdown,12453,2026-08-16,COMPARTIDO,Agente (auditoría),D,BAJA
20_INVENTARIO_TOTAL_ARCHIVOS.csv,AUDITORIA_GLOBAL/20_INVENTARIO_TOTAL_ARCHIVOS.csv,CSV,49362,2026-08-16,COMPARTIDO,Agente (auditoría),D,BAJA
20_INVENTARIO_TOTAL_ARCHIVOS.csv.bak,AUDITORIA_GLOBAL/20_INVENTARIO_TOTAL_ARCHIVOS.csv.bak,Backup,44193,2026-08-16,COMPARTIDO,Agente (auditoría),D,BAJA
00_CONTINUIDAD_ESTADO.md,AUDITORIA_GLOBAL/OTROS DOCUMENTOS POR ORDENAR/00_CONTINUIDAD_ESTADO.md,Markdown,6349,2026-08-16,COMPARTIDO,Agente (auditoría),D,BAJA
00_MAPA_MAESTRO_MARC_AURORA.md,AUDITORIA_GLOBAL/OTROS DOCUMENTOS POR ORDENAR/00_MAPA_MAESTRO_MARC_AURORA.md,Markdown,2554,2026-08-15,COMPARTIDO,Agente (auditoría),D,BAJA
01_PROMPTS_PARA_AGENTES.md,AUDITORIA_GLOBAL/OTROS DOCUMENTOS POR ORDENAR/01_PROMPTS_PARA_AGENTES.md,Markdown,5037,2026-08-16,COMPARTIDO,Agente (auditoría),D,BAJA
MARC_IMAGENES,AUDITORIA_GLOBAL/OTROS DOCUMENTOS POR ORDENAR/MARC_IMAGENES,Otro,0,2026-08-16,COMPARTIDO,Agente (auditoría),F,BAJA
ROADMAP_30_DIAS.md,AUDITORIA_GLOBAL/OTROS DOCUMENTOS POR ORDENAR/ROADMAP_30_DIAS.md,Markdown,6608,2026-08-16,COMPARTIDO,Agente (auditoría),D,BAJA
00_RESUMEN_EJECUTIVO_AURORA.md,AURORA/00_AUDITORIA_MAESTRA/00_RESUMEN_EJECUTIVO_AURORA.md,Markdown,765,2026-08-15,AURORA,Aurora,D,BAJA
01_AUDITORIA_COMPLETA_AURORA.md,AURORA/00_AUDITORIA_MAESTRA/01_AUDITORIA_COMPLETA_AURORA.md,Markdown,840,2026-08-15,AURORA,Aurora,D,BAJA
01_INVENTARIO_DOCUMENTAL.md,AURORA/00_AUDITORIA_MAESTRA/01_INVENTARIO_DOCUMENTAL.md,Markdown,916,2026-08-15,AURORA,Aurora,D,BAJA
02_AUDITORIA_DE_MARC.md,AURORA/00_AUDITORIA_MAESTRA/02_AUDITORIA_DE_MARC.md,Markdown,443,2026-08-15,AURORA,Sebastián/Compartido,D,BAJA
02_CONTEXTO_NEGOCIO.md,AURORA/00_AUDITORIA_MAESTRA/02_CONTEXTO_NEGOCIO.md,Markdown,596,2026-08-15,AURORA,Aurora,D,BAJA
03_MAPA_DEL_NEGOCIO_AURORA.md,AURORA/00_AUDITORIA_MAESTRA/03_MAPA_DEL_NEGOCIO_AURORA.md,Markdown,527,2026-08-15,AURORA,Aurora,D,BAJA
03_OFERTA_Y_PRODUCTOS.md,AURORA/00_AUDITORIA_MAESTRA/03_OFERTA_Y_PRODUCTOS.md,Markdown,570,2026-08-15,AURORA,Aurora,D,BAJA
04_MAPA_DE_MARKETING_AURORA.md,AURORA/00_AUDITORIA_MAESTRA/04_MAPA_DE_MARKETING_AURORA.md,Markdown,350,2026-08-15,AURORA,Aurora,D,BAJA
04_MARKETING.md,AURORA/00_AUDITORIA_MAESTRA/04_MARKETING.md,Markdown,357,2026-08-15,AURORA,Aurora,D,BAJA
05_MAPA_DEL_EMBUDO_AURORA.md,AURORA/00_AUDITORIA_MAESTRA/05_MAPA_DEL_EMBUDO_AURORA.md,Markdown,275,2026-08-15,AURORA,Aurora,D,BAJA
05_VENTAS.md,AURORA/00_AUDITORIA_MAESTRA/05_VENTAS.md,Markdown,503,2026-08-15,AURORA,Aurora,D,BAJA
06_EMBUDO.md,AURORA/00_AUDITORIA_MAESTRA/06_EMBUDO.md,Markdown,459,2026-08-15,AURORA,Aurora,D,BAJA
06_MAPA_DE_AUTOMATIZACIONES_AURORA.md,AURORA/00_AUDITORIA_MAESTRA/06_MAPA_DE_AUTOMATIZACIONES_AURORA.md,Markdown,312,2026-08-15,AURORA,Aurora,D,BAJA
07_AUDITORIA_DE_HERRAMIENTAS_AURORA.md,AURORA/00_AUDITORIA_MAESTRA/07_AUDITORIA_DE_HERRAMIENTAS_AURORA.md,Markdown,441,2026-08-15,AURORA,Aurora,D,BAJA
07_AUTOMATIZACIONES.md,AURORA/00_AUDITORIA_MAESTRA/07_AUTOMATIZACIONES.md,Markdown,377,2026-08-15,AURORA,Aurora,D,BAJA
08_AUDITORIA_FINANCIERA_AURORA.md,AURORA/00_AUDITORIA_MAESTRA/08_AUDITORIA_FINANCIERA_AURORA.md,Markdown,220,2026-08-15,AURORA,Aurora,D,BAJA
08_IA_Y_TECNOLOGIA.md,AURORA/00_AUDITORIA_MAESTRA/08_IA_Y_TECNOLOGIA.md,Markdown,381,2026-08-15,AURORA,Aurora,D,BAJA
09_AUDITORIA_CONTRACTUAL_AURORA.md,AURORA/00_AUDITORIA_MAESTRA/09_AUDITORIA_CONTRACTUAL_AURORA.md,Markdown,290,2026-08-15,AURORA,Aurora,D,BAJA
09_HERRAMIENTAS_Y_ACCESOS.md,AURORA/00_AUDITORIA_MAESTRA/09_HERRAMIENTAS_Y_ACCESOS.md,Markdown,394,2026-08-15,AURORA,Aurora,D,BAJA
10_FINANZAS_Y_PRECIOS.md,AURORA/00_AUDITORIA_MAESTRA/10_FINANZAS_Y_PRECIOS.md,Markdown,331,2026-08-15,AURORA,Aurora,D,BAJA
10_KPI_Y_METRICAS_AURORA.md,AURORA/00_AUDITORIA_MAESTRA/10_KPI_Y_METRICAS_AURORA.md,Markdown,224,2026-08-15,AURORA,Aurora,D,BAJA
11_CONTRATOS_Y_RESPONSABILIDADES.md,AURORA/00_AUDITORIA_MAESTRA/11_CONTRATOS_Y_RESPONSABILIDADES.md,Markdown,306,2026-08-15,AURORA,Aurora,D,ALTA (contractual/personal)
11_RIESGOS_AURORA.md,AURORA/00_AUDITORIA_MAESTRA/11_RIESGOS_AURORA.md,Markdown,398,2026-08-15,AURORA,Aurora,D,BAJA
12_KPIS_Y_METRICAS.md,AURORA/00_AUDITORIA_MAESTRA/12_KPIS_Y_METRICAS.md,Markdown,239,2026-08-15,AURORA,Aurora,D,BAJA
12_OPORTUNIDADES_AURORA.md,AURORA/00_AUDITORIA_MAESTRA/12_OPORTUNIDADES_AURORA.md,Markdown,422,2026-08-15,AURORA,Aurora,D,BAJA
13_PREGUNTAS_PARA_AURORA.md,AURORA/00_AUDITORIA_MAESTRA/13_PREGUNTAS_PARA_AURORA.md,Markdown,542,2026-08-15,AURORA,Aurora,D,BAJA
13_PROBLEMAS_Y_RIESGOS.md,AURORA/00_AUDITORIA_MAESTRA/13_PROBLEMAS_Y_RIESGOS.md,Markdown,451,2026-08-15,AURORA,Aurora,D,BAJA
14_OPORTUNIDADES.md,AURORA/00_AUDITORIA_MAESTRA/14_OPORTUNIDADES.md,Markdown,480,2026-08-15,AURORA,Aurora,D,BAJA
14_PLAN_30_60_90_AURORA.md,AURORA/00_AUDITORIA_MAESTRA/14_PLAN_30_60_90_AURORA.md,Markdown,474,2026-08-15,AURORA,Aurora,D,BAJA
15_PREGUNTAS_PENDIENTES.md,AURORA/00_AUDITORIA_MAESTRA/15_PREGUNTAS_PENDIENTES.md,Markdown,663,2026-08-15,AURORA,Aurora,D,BAJA
15_REUNION_BRIEF_AURORA.md,AURORA/00_AUDITORIA_MAESTRA/15_REUNION_BRIEF_AURORA.md,Markdown,411,2026-08-15,AURORA,Aurora,D,BAJA
16_DOCUMENTO_ALINEACION_AURORA.md,AURORA/00_AUDITORIA_MAESTRA/16_DOCUMENTO_ALINEACION_AURORA.md,Markdown,551,2026-08-15,AURORA,Aurora,D,BAJA
16_PLAN_DE_ACCION.md,AURORA/00_AUDITORIA_MAESTRA/16_PLAN_DE_ACCION.md,Markdown,444,2026-08-15,AURORA,Aurora,D,BAJA
17_DOCUMENTOS_PARA_REUNION.md,AURORA/00_AUDITORIA_MAESTRA/17_DOCUMENTOS_PARA_REUNION.md,Markdown,630,2026-08-15,AURORA,Aurora,D,BAJA
17_FUENTES_AURORA.md,AURORA/00_AUDITORIA_MAESTRA/17_FUENTES_AURORA.md,Markdown,604,2026-08-15,AURORA,Aurora,D,BAJA
18_FUENTES_Y_EVIDENCIAS.md,AURORA/00_AUDITORIA_MAESTRA/18_FUENTES_Y_EVIDENCIAS.md,Markdown,656,2026-08-15,AURORA,Aurora,D,BAJA
Chat de WhatsApp con +34 722 39 89 89.txt,AURORA/Chat de WhatsApp con +34 722 39 89 89/Chat de WhatsApp con +34 722 39 89 89.txt,Texto,1775,2026-08-18,AURORA,Aurora,B,ALTA [CREDENCIALES SENSIBLES DETECTADAS]
Chat de WhatsApp con +34 722 39 89 89.zip,Chat de WhatsApp con +34 722 39 89 89.zip,ZIP,147559,2026-08-18,COMPARTIDO,Aurora,B,ALTA [CREDENCIALES SENSIBLES DETECTADAS]
01_SUPER_AGENT.agent.md,MARC/.github/agents/01_SUPER_AGENT.agent.md,Markdown,2647,2026-08-16,MARC,Marc,E,BAJA
02_RESEARCHER.agent.md,MARC/.github/agents/02_RESEARCHER.agent.md,Markdown,1274,2026-08-16,MARC,Marc,E,BAJA
03_CODER.agent.md,MARC/.github/agents/03_CODER.agent.md,Markdown,1193,2026-08-16,MARC,Marc,E,BAJA
04_DEBUGGER.agent.md,MARC/.github/agents/04_DEBUGGER.agent.md,Markdown,1243,2026-08-16,MARC,Marc,E,BAJA
05_ARCHITECT.agent.md,MARC/.github/agents/05_ARCHITECT.agent.md,Markdown,1300,2026-08-16,MARC,Marc,E,BAJA
06_CODE_REVIEWER.agent.md,MARC/.github/agents/06_CODE_REVIEWER.agent.md,Markdown,1254,2026-08-16,MARC,Marc,E,BAJA
07_BROWSER_AGENT.agent.md,MARC/.github/agents/07_BROWSER_AGENT.agent.md,Markdown,1514,2026-08-16,MARC,Marc,E,BAJA
08_AUTOMATION_AGENT.agent.md,MARC/.github/agents/08_AUTOMATION_AGENT.agent.md,Markdown,1340,2026-08-16,MARC,Marc,E,BAJA
09_DATA_ANALYST.agent.md,MARC/.github/agents/09_DATA_ANALYST.agent.md,Markdown,1347,2026-08-16,MARC,Marc,E,BAJA
10_DOCUMENT_AGENT.agent.md,MARC/.github/agents/10_DOCUMENT_AGENT.agent.md,Markdown,1458,2026-08-16,MARC,Marc,E,BAJA
11_MARKETING_AGENT.agent.md,MARC/.github/agents/11_MARKETING_AGENT.agent.md,Markdown,1291,2026-08-16,MARC,Marc,E,BAJA
12_SECURITY_AGENT.agent.md,MARC/.github/agents/12_SECURITY_AGENT.agent.md,Markdown,1428,2026-08-16,MARC,Marc,E,BAJA
13_GIT_AGENT.agent.md,MARC/.github/agents/13_GIT_AGENT.agent.md,Markdown,1509,2026-08-16,MARC,Marc,E,BAJA
14_PROJECT_MANAGER.agent.md,MARC/.github/agents/14_PROJECT_MANAGER.agent.md,Markdown,1379,2026-08-16,MARC,Marc,E,BAJA
copilot-instructions.md,MARC/.github/copilot-instructions.md,Markdown,860,2026-08-16,MARC,Marc,E,BAJA
audit-log.json,MARC/.github/hooks/audit-log.json,Config,241,2026-08-16,MARC,Marc,E,BAJA
audit.ps1,MARC/.github/hooks/audit.ps1,PS1,1123,2026-08-16,MARC,Marc,E,BAJA
guard.ps1,MARC/.github/hooks/guard.ps1,PS1,2034,2026-08-16,MARC,Marc,E,BAJA
security-guard.json,MARC/.github/hooks/security-guard.json,Config,240,2026-08-16,MARC,Marc,E,BAJA
SKILL.md,MARC/.github/skills/browser-automation/SKILL.md,Markdown,1560,2026-08-16,MARC,Marc,E,BAJA
SKILL.md,MARC/.github/skills/data-analysis/SKILL.md,Markdown,1424,2026-08-16,MARC,Marc,E,BAJA
SKILL.md,MARC/.github/skills/docx/SKILL.md,Markdown,982,2026-08-16,MARC,Marc,E,BAJA
SKILL.md,MARC/.github/skills/google-workspace/SKILL.md,Markdown,1178,2026-08-16,MARC,Marc,E,BAJA
SKILL.md,MARC/.github/skills/pdf/SKILL.md,Markdown,1030,2026-08-16,MARC,Marc,E,BAJA
SKILL.md,MARC/.github/skills/web-research/SKILL.md,Markdown,1250,2026-08-16,MARC,Marc,E,BAJA
SKILL.md,MARC/.github/skills/xlsx-csv/SKILL.md,Markdown,1167,2026-08-16,MARC,Marc,E,BAJA
marc-data.db,MARC/.mcp-sqlite/marc-data.db,Base de datos,0,2026-08-16,MARC,Marc,F,BAJA
.mcp.json,MARC/.mcp.json,Config,502,2026-08-16,MARC,Marc,E,BAJA
00_RESUMEN_EJECUTIVO_MARC.md,MARC/00_AUDITORIA_MAESTRA/00_RESUMEN_EJECUTIVO_MARC.md,Markdown,2144,2026-08-15,MARC,Marc,D,BAJA
01_AUDITORIA_COMPLETA_MARC.md,MARC/00_AUDITORIA_MAESTRA/01_AUDITORIA_COMPLETA_MARC.md,Markdown,3080,2026-08-15,MARC,Marc,D,BAJA
02_INVENTARIO_MARC.md,MARC/00_AUDITORIA_MAESTRA/02_INVENTARIO_MARC.md,Markdown,1876,2026-08-15,MARC,Marc,D,BAJA
03_MAPA_DEL_NEGOCIO_MARC.md,MARC/00_AUDITORIA_MAESTRA/03_MAPA_DEL_NEGOCIO_MARC.md,Markdown,3040,2026-08-15,MARC,Marc,D,BAJA
04_MAPA_DE_MARKETING_MARC.md,MARC/00_AUDITORIA_MAESTRA/04_MAPA_DE_MARKETING_MARC.md,Markdown,1161,2026-08-15,MARC,Marc,D,BAJA
Doc2_Plan_Operativo_Marc.md,MARC/01_Contexto_Alineacion/Doc2_Plan_Operativo_Marc.md,Markdown,12195,2026-08-05,MARC,Marc,A,MEDIA
Doc3_Contexto_Escala_Marc.md,MARC/01_Contexto_Alineacion/Doc3_Contexto_Escala_Marc.md,Markdown,7420,2026-08-05,MARC,Marc,A,MEDIA
Doc3_Contexto_Escala_Marc.pdf,MARC/01_Contexto_Alineacion/Doc3_Contexto_Escala_Marc.pdf,PDF,135130,2026-08-05,MARC,Marc,A,MEDIA
Documento_Alineacion_MARC_Sebastian.pdf,MARC/01_Contexto_Alineacion/Documento_Alineacion_MARC_Sebastian.pdf,PDF,160707,2026-08-13,MARC,Marc,A,MEDIA
Marc.pdf,MARC/01_Contexto_Alineacion/Marc.pdf,PDF,1226024,2026-08-13,MARC,Marc,A,MEDIA
Plan_Marc_Operativo_Final(1).md,MARC/01_Contexto_Alineacion/Plan_Marc_Operativo_Final(1).md,Markdown,5457,2026-08-05,MARC,Marc,A,MEDIA
Plan_Marc_Operativo_Final.md,MARC/01_Contexto_Alineacion/Plan_Marc_Operativo_Final.md,Markdown,0,2026-08-05,MARC,Marc,F,BAJA
Doc1_Informe_Sesion_Marc(1).md,MARC/02_Informes_Sesiones/Doc1_Informe_Sesion_Marc(1).md,Markdown,8516,2026-08-05,MARC,Marc,A,MEDIA
Doc1_Informe_Sesion_Marc.md,MARC/02_Informes_Sesiones/Doc1_Informe_Sesion_Marc.md,Markdown,7431,2026-08-05,MARC,Marc,A,MEDIA
Doc1_Informe_Sesion_Marc.pdf,MARC/02_Informes_Sesiones/Doc1_Informe_Sesion_Marc.pdf,PDF,17293,2026-08-05,MARC,Marc,A,MEDIA
INFORME_SESION INICIAL_04-08-2026-1.pdf,MARC/02_Informes_Sesiones/INFORME_SESION INICIAL_04-08-2026-1.pdf,PDF,98182,2026-08-05,MARC,Marc,C,BAJA
INFORME_SESION INICIAL_04-08-2026.pdf,MARC/02_Informes_Sesiones/INFORME_SESION INICIAL_04-08-2026.pdf,PDF,98182,2026-08-05,MARC,Marc,C,BAJA
Chat de WhatsApp con Marc Souza Gil.zip,MARC/03_Conversaciones/Chat de WhatsApp con Marc Souza Gil.zip,ZIP,7900904,2026-08-17,MARC,Marc,B,MEDIA-ALTA (conversación personal)
carrusel_fondo_01.jpg,MARC/04_Instagram/ASSETS/IA_DRAFTS/carrusel_fondo_01.jpg,Imagen,124549,2026-08-18,MARC,Marc,C,BAJA
carrusel_fondo_02.jpg,MARC/04_Instagram/ASSETS/IA_DRAFTS/carrusel_fondo_02.jpg,Imagen,89257,2026-08-18,MARC,Marc,C,BAJA
post_autoridad_01.jpg,MARC/04_Instagram/ASSETS/IA_DRAFTS/post_autoridad_01.jpg,Imagen,120647,2026-08-18,MARC,Marc,C,BAJA
post_dolor_01.jpg,MARC/04_Instagram/ASSETS/IA_DRAFTS/post_dolor_01.jpg,Imagen,197600,2026-08-18,MARC,Marc,C,BAJA
post_metodo_01.jpg,MARC/04_Instagram/ASSETS/IA_DRAFTS/post_metodo_01.jpg,Imagen,138772,2026-08-18,MARC,Marc,C,BAJA
post_oferta_01.jpg,MARC/04_Instagram/ASSETS/IA_DRAFTS/post_oferta_01.jpg,Imagen,188703,2026-08-18,MARC,Marc,C,BAJA
reel_cover_01.jpg,MARC/04_Instagram/ASSETS/IA_DRAFTS/reel_cover_01.jpg,Imagen,215426,2026-08-18,MARC,Marc,C,BAJA
story_autoridad_01.jpg,MARC/04_Instagram/ASSETS/IA_DRAFTS/story_autoridad_01.jpg,Imagen,149676,2026-08-18,MARC,Marc,C,BAJA
story_dolor_01.jpg,MARC/04_Instagram/ASSETS/IA_DRAFTS/story_dolor_01.jpg,Imagen,110748,2026-08-18,MARC,Marc,C,BAJA
story_metodo_01.jpg,MARC/04_Instagram/ASSETS/IA_DRAFTS/story_metodo_01.jpg,Imagen,174427,2026-08-18,MARC,Marc,C,BAJA
story_oferta_01.jpg,MARC/04_Instagram/ASSETS/IA_DRAFTS/story_oferta_01.jpg,Imagen,183264,2026-08-18,MARC,Marc,C,BAJA
story_prueba_01.jpg,MARC/04_Instagram/ASSETS/IA_DRAFTS/story_prueba_01.jpg,Imagen,103994,2026-08-18,MARC,Marc,C,BAJA
AUDITORIA_INSTAGRAM_MARC.md,MARC/04_Instagram/AUDITORIA_INSTAGRAM_MARC.md,Markdown,5629,2026-08-18,MARC,Marc,D,BAJA
BORRADOR_MENSAJE_MARC_18AGO.md,MARC/04_Instagram/BORRADOR_MENSAJE_MARC_18AGO.md,Markdown,2900,2026-08-18,MARC,Marc,D,BAJA
BORRADOR_RESPUESTA_MARC_INSTAGRAM.md,MARC/04_Instagram/BORRADOR_RESPUESTA_MARC_INSTAGRAM.md,Markdown,3156,2026-08-18,MARC,Marc,D,BAJA
CONTENT_CALENDAR.md,MARC/04_Instagram/CONTENT_CALENDAR.md,Markdown,2948,2026-08-18,MARC,Marc,D,BAJA
PAQUETE_GENERACION_VISUAL.md,MARC/04_Instagram/PAQUETE_GENERACION_VISUAL.md,Markdown,3696,2026-08-18,MARC,Marc,D,BAJA
RESPUESTA_MARC_18AGO_1200.md,MARC/04_Instagram/RESPUESTA_MARC_18AGO_1200.md,Markdown,1728,2026-08-18,MARC,Marc,D,BAJA
05_MAPA_DEL_EMBUDO_MARC.md,MARC/05_MAPA_DEL_EMBUDO_MARC.md,Markdown,1142,2026-08-15,MARC,Marc,D,BAJA
06_MAPA_DE_AUTOMATIZACIONES_MARC.md,MARC/06_MAPA_DE_AUTOMATIZACIONES_MARC.md,Markdown,677,2026-08-15,MARC,Marc,D,BAJA
07_AUDITORIA_DE_HERRAMIENTAS_MARC.md,MARC/07_AUDITORIA_DE_HERRAMIENTAS_MARC.md,Markdown,642,2026-08-15,MARC,Marc,D,BAJA
08_AUDITORIA_FINANCIERA_MARC.md,MARC/08_AUDITORIA_FINANCIERA_MARC.md,Markdown,655,2026-08-15,MARC,Marc,D,BAJA
09_AUDITORIA_CONTRACTUAL_MARC.md,MARC/09_AUDITORIA_CONTRACTUAL_MARC.md,Markdown,576,2026-08-15,MARC,Marc,D,BAJA
Doc1_Informe_Sesion_Marc_04-05-26.pdf,MARC/1 DÍA 04-05-2026/Doc1_Informe_Sesion_Marc_04-05-26.pdf,PDF,98182,2026-08-05,MARC,Marc,A,MEDIA
Doc2_Plan_Operativo_Marc_04-05-26.pdf,MARC/1 DÍA 04-05-2026/Doc2_Plan_Operativo_Marc_04-05-26.pdf,PDF,188291,2026-08-05,MARC,Marc,A,MEDIA
Doc3_Contexto_Escala_Marc_04-05-26.pdf,MARC/1 DÍA 04-05-2026/Doc3_Contexto_Escala_Marc_04-05-26.pdf,PDF,135130,2026-08-05,MARC,Marc,A,MEDIA
10_KPI_Y_METRICAS_MARC.md,MARC/10_KPI_Y_METRICAS_MARC.md,Markdown,534,2026-08-15,MARC,Marc,D,BAJA
11_RIESGOS_MARC.md,MARC/11_RIESGOS_MARC.md,Markdown,630,2026-08-15,MARC,Marc,D,BAJA
12_OPORTUNIDADES_MARC.md,MARC/12_OPORTUNIDADES_MARC.md,Markdown,644,2026-08-15,MARC,Marc,D,BAJA
13_PREGUNTAS_PARA_MARC.md,MARC/13_PREGUNTAS_PARA_MARC.md,Markdown,924,2026-08-15,MARC,Marc,D,BAJA
14_PLAN_30_60_90_MARC.md,MARC/14_PLAN_30_60_90_MARC.md,Markdown,723,2026-08-15,MARC,Marc,D,BAJA
15_REUNION_BRIEF_MARC.md,MARC/15_REUNION_BRIEF_MARC.md,Markdown,619,2026-08-15,MARC,Marc,D,BAJA
16_DOCUMENTO_ALINEACION_MARC.md,MARC/16_DOCUMENTO_ALINEACION_MARC.md,Markdown,586,2026-08-15,MARC,Marc,D,BAJA
17_FUENTES_MARC.md,MARC/17_FUENTES_MARC.md,Markdown,1728,2026-08-15,MARC,Marc,D,BAJA
AGENTS.md,MARC/AGENTS.md,Markdown,2560,2026-08-16,MARC,Marc,D,BAJA
5.0 IE6 - Contrato de prestación de servicios y garantía de resultados.pdf,MARC/Chat de WhatsApp con MARC (ÚLTIMO EL MÁS RECIENTE)/Chat de WhatsApp con Marc Souza Gil/5.0 IE6 - Contrato de prestación de servicios y garantía de resultados.pdf,PDF,132692,2026-08-18,MARC,Marc,A,ALTA (contractual/personal)
Analisis App GEMINI.pdf,MARC/Chat de WhatsApp con MARC (ÚLTIMO EL MÁS RECIENTE)/Chat de WhatsApp con Marc Souza Gil/Analisis App GEMINI.pdf,PDF,26057,2026-08-18,MARC,Marc,A,MEDIA-ALTA (conversación personal)
CVREDES.pdf,MARC/Chat de WhatsApp con MARC (ÚLTIMO EL MÁS RECIENTE)/Chat de WhatsApp con Marc Souza Gil/CVREDES.pdf,PDF,437762,2026-08-18,MARC,Marc,C,MEDIA-ALTA (conversación personal)
Chat de WhatsApp con Marc Souza Gil.txt,MARC/Chat de WhatsApp con MARC (ÚLTIMO EL MÁS RECIENTE)/Chat de WhatsApp con Marc Souza Gil/Chat de WhatsApp con Marc Souza Gil.txt,Texto,91164,2026-08-18,MARC,Marc,B,MEDIA-ALTA (conversación personal)
DOC-20260812-WA0062.docx,MARC/Chat de WhatsApp con MARC (ÚLTIMO EL MÁS RECIENTE)/Chat de WhatsApp con Marc Souza Gil/DOC-20260812-WA0062.docx,DOCX,53716,2026-08-18,MARC,Marc,A,MEDIA-ALTA (conversación personal)
DOC-20260812-WA0125.docx,MARC/Chat de WhatsApp con MARC (ÚLTIMO EL MÁS RECIENTE)/Chat de WhatsApp con Marc Souza Gil/DOC-20260812-WA0125.docx,DOCX,50565,2026-08-18,MARC,Marc,A,MEDIA-ALTA (conversación personal)
Doc1_Informe_Sesion_Marc_04-05-26.pdf,MARC/Chat de WhatsApp con MARC (ÚLTIMO EL MÁS RECIENTE)/Chat de WhatsApp con Marc Souza Gil/Doc1_Informe_Sesion_Marc_04-05-26.pdf,PDF,98182,2026-08-18,MARC,Marc,A,MEDIA-ALTA (conversación personal)
Doc2_Plan_Operativo_Marc_04-05-26.pdf,MARC/Chat de WhatsApp con MARC (ÚLTIMO EL MÁS RECIENTE)/Chat de WhatsApp con Marc Souza Gil/Doc2_Plan_Operativo_Marc_04-05-26.pdf,PDF,188291,2026-08-18,MARC,Marc,A,MEDIA-ALTA (conversación personal)
Doc3_Contexto_Escala_Marc.pdf,MARC/Chat de WhatsApp con MARC (ÚLTIMO EL MÁS RECIENTE)/Chat de WhatsApp con Marc Souza Gil/Doc3_Contexto_Escala_Marc.pdf,PDF,135130,2026-08-18,MARC,Marc,A,MEDIA-ALTA (conversación personal)
IMG-20260724-WA0190.jpg,MARC/Chat de WhatsApp con MARC (ÚLTIMO EL MÁS RECIENTE)/Chat de WhatsApp con Marc Souza Gil/IMG-20260724-WA0190.jpg,Imagen,138693,2026-08-18,MARC,Marc,C,MEDIA-ALTA (conversación personal)
IMG-20260805-WA0001.jpg,MARC/Chat de WhatsApp con MARC (ÚLTIMO EL MÁS RECIENTE)/Chat de WhatsApp con Marc Souza Gil/IMG-20260805-WA0001.jpg,Imagen,155058,2026-08-18,MARC,Marc,C,MEDIA-ALTA (conversación personal)
IMG-20260812-WA0122.jpg,MARC/Chat de WhatsApp con MARC (ÚLTIMO EL MÁS RECIENTE)/Chat de WhatsApp con Marc Souza Gil/IMG-20260812-WA0122.jpg,Imagen,52790,2026-08-18,MARC,Marc,C,MEDIA-ALTA (conversación personal)
IMG-20260814-WA0011.jpg,MARC/Chat de WhatsApp con MARC (ÚLTIMO EL MÁS RECIENTE)/Chat de WhatsApp con Marc Souza Gil/IMG-20260814-WA0011.jpg,Imagen,218490,2026-08-18,MARC,Marc,C,MEDIA-ALTA (conversación personal)
IMG-20260814-WA0012.jpg,MARC/Chat de WhatsApp con MARC (ÚLTIMO EL MÁS RECIENTE)/Chat de WhatsApp con Marc Souza Gil/IMG-20260814-WA0012.jpg,Imagen,142173,2026-08-18,MARC,Marc,C,MEDIA-ALTA (conversación personal)
IMG-20260814-WA0013.jpg,MARC/Chat de WhatsApp con MARC (ÚLTIMO EL MÁS RECIENTE)/Chat de WhatsApp con Marc Souza Gil/IMG-20260814-WA0013.jpg,Imagen,383104,2026-08-18,MARC,Marc,C,MEDIA-ALTA (conversación personal)
IMG-20260814-WA0014.jpg,MARC/Chat de WhatsApp con MARC (ÚLTIMO EL MÁS RECIENTE)/Chat de WhatsApp con Marc Souza Gil/IMG-20260814-WA0014.jpg,Imagen,213646,2026-08-18,MARC,Marc,C,MEDIA-ALTA (conversación personal)
IMG-20260814-WA0015.jpg,MARC/Chat de WhatsApp con MARC (ÚLTIMO EL MÁS RECIENTE)/Chat de WhatsApp con Marc Souza Gil/IMG-20260814-WA0015.jpg,Imagen,127083,2026-08-18,MARC,Marc,C,MEDIA-ALTA (conversación personal)
IMG-20260814-WA0016.jpg,MARC/Chat de WhatsApp con MARC (ÚLTIMO EL MÁS RECIENTE)/Chat de WhatsApp con Marc Souza Gil/IMG-20260814-WA0016.jpg,Imagen,198677,2026-08-18,MARC,Marc,C,MEDIA-ALTA (conversación personal)
IMG-20260814-WA0070.jpg,MARC/Chat de WhatsApp con MARC (ÚLTIMO EL MÁS RECIENTE)/Chat de WhatsApp con Marc Souza Gil/IMG-20260814-WA0070.jpg,Imagen,181480,2026-08-18,MARC,Marc,C,MEDIA-ALTA (conversación personal)
IMG-20260814-WA0071.jpg,MARC/Chat de WhatsApp con MARC (ÚLTIMO EL MÁS RECIENTE)/Chat de WhatsApp con Marc Souza Gil/IMG-20260814-WA0071.jpg,Imagen,128935,2026-08-18,MARC,Marc,C,MEDIA-ALTA (conversación personal)
IMG-20260814-WA0072.jpg,MARC/Chat de WhatsApp con MARC (ÚLTIMO EL MÁS RECIENTE)/Chat de WhatsApp con Marc Souza Gil/IMG-20260814-WA0072.jpg,Imagen,70989,2026-08-18,MARC,Marc,C,MEDIA-ALTA (conversación personal)
IMG-20260814-WA0073.jpg,MARC/Chat de WhatsApp con MARC (ÚLTIMO EL MÁS RECIENTE)/Chat de WhatsApp con Marc Souza Gil/IMG-20260814-WA0073.jpg,Imagen,60656,2026-08-18,MARC,Marc,C,MEDIA-ALTA (conversación personal)
IMG-20260817-WA0009.jpg,MARC/Chat de WhatsApp con MARC (ÚLTIMO EL MÁS RECIENTE)/Chat de WhatsApp con Marc Souza Gil/IMG-20260817-WA0009.jpg,Imagen,292419,2026-08-18,MARC,Marc,C,MEDIA-ALTA (conversación personal)
IMG-20260817-WA0016.jpg,MARC/Chat de WhatsApp con MARC (ÚLTIMO EL MÁS RECIENTE)/Chat de WhatsApp con Marc Souza Gil/IMG-20260817-WA0016.jpg,Imagen,69820,2026-08-18,MARC,Marc,C,MEDIA-ALTA (conversación personal)
INFORME - IMPODERATE.pdf,MARC/Chat de WhatsApp con MARC (ÚLTIMO EL MÁS RECIENTE)/Chat de WhatsApp con Marc Souza Gil/INFORME - IMPODERATE.pdf,PDF,1182466,2026-08-18,MARC,Marc,A,MEDIA-ALTA (conversación personal)
Info básic para Sebastian.docx,MARC/Chat de WhatsApp con MARC (ÚLTIMO EL MÁS RECIENTE)/Chat de WhatsApp con Marc Souza Gil/Info básic para Sebastian.docx,DOCX,15108,2026-08-18,MARC,Marc,A,MEDIA-ALTA (conversación personal)
Oferta_Colaboracion_Sebastian.xlsx,MARC/Chat de WhatsApp con MARC (ÚLTIMO EL MÁS RECIENTE)/Chat de WhatsApp con Marc Souza Gil/Oferta_Colaboracion_Sebastian.xlsx,XLSX,15543,2026-08-18,MARC,Marc,A,ALTA (contractual/personal)
PTT-20260804-WA0123.opus,MARC/Chat de WhatsApp con MARC (ÚLTIMO EL MÁS RECIENTE)/Chat de WhatsApp con Marc Souza Gil/PTT-20260804-WA0123.opus,Audio OPUS,134559,2026-08-18,MARC,Marc,B,MEDIA-ALTA (conversación personal)
PTT-20260804-WA0124.opus,MARC/Chat de WhatsApp con MARC (ÚLTIMO EL MÁS RECIENTE)/Chat de WhatsApp con Marc Souza Gil/PTT-20260804-WA0124.opus,Audio OPUS,371761,2026-08-18,MARC,Marc,B,MEDIA-ALTA (conversación personal)
PTT-20260804-WA0125.opus,MARC/Chat de WhatsApp con MARC (ÚLTIMO EL MÁS RECIENTE)/Chat de WhatsApp con Marc Souza Gil/PTT-20260804-WA0125.opus,Audio OPUS,946276,2026-08-18,MARC,Marc,B,MEDIA-ALTA (conversación personal)
PTT-20260804-WA0126.opus,MARC/Chat de WhatsApp con MARC (ÚLTIMO EL MÁS RECIENTE)/Chat de WhatsApp con Marc Souza Gil/PTT-20260804-WA0126.opus,Audio OPUS,283897,2026-08-18,MARC,Marc,B,MEDIA-ALTA (conversación personal)
PTT-20260804-WA0133.opus,MARC/Chat de WhatsApp con MARC (ÚLTIMO EL MÁS RECIENTE)/Chat de WhatsApp con Marc Souza Gil/PTT-20260804-WA0133.opus,Audio OPUS,398655,2026-08-18,MARC,Marc,B,MEDIA-ALTA (conversación personal)
PTT-20260805-WA0005.opus,MARC/Chat de WhatsApp con MARC (ÚLTIMO EL MÁS RECIENTE)/Chat de WhatsApp con Marc Souza Gil/PTT-20260805-WA0005.opus,Audio OPUS,335631,2026-08-18,MARC,Marc,B,MEDIA-ALTA (conversación personal)
PTT-20260807-WA0000.opus,MARC/Chat de WhatsApp con MARC (ÚLTIMO EL MÁS RECIENTE)/Chat de WhatsApp con Marc Souza Gil/PTT-20260807-WA0000.opus,Audio OPUS,265969,2026-08-18,MARC,Marc,B,MEDIA-ALTA (conversación personal)
PTT-20260807-WA0004.opus,MARC/Chat de WhatsApp con MARC (ÚLTIMO EL MÁS RECIENTE)/Chat de WhatsApp con Marc Souza Gil/PTT-20260807-WA0004.opus,Audio OPUS,248418,2026-08-18,MARC,Marc,B,MEDIA-ALTA (conversación personal)
PTT-20260807-WA0081.opus,MARC/Chat de WhatsApp con MARC (ÚLTIMO EL MÁS RECIENTE)/Chat de WhatsApp con Marc Souza Gil/PTT-20260807-WA0081.opus,Audio OPUS,96585,2026-08-18,MARC,Marc,B,MEDIA-ALTA (conversación personal)
PTT-20260810-WA0060.opus,MARC/Chat de WhatsApp con MARC (ÚLTIMO EL MÁS RECIENTE)/Chat de WhatsApp con Marc Souza Gil/PTT-20260810-WA0060.opus,Audio OPUS,12250,2026-08-18,MARC,Marc,B,MEDIA-ALTA (conversación personal)
PTT-20260810-WA0081.opus,MARC/Chat de WhatsApp con MARC (ÚLTIMO EL MÁS RECIENTE)/Chat de WhatsApp con Marc Souza Gil/PTT-20260810-WA0081.opus,Audio OPUS,159143,2026-08-18,MARC,Marc,B,MEDIA-ALTA (conversación personal)
PTT-20260810-WA0082.opus,MARC/Chat de WhatsApp con MARC (ÚLTIMO EL MÁS RECIENTE)/Chat de WhatsApp con Marc Souza Gil/PTT-20260810-WA0082.opus,Audio OPUS,15724,2026-08-18,MARC,Marc,B,MEDIA-ALTA (conversación personal)
PTT-20260810-WA0083.opus,MARC/Chat de WhatsApp con MARC (ÚLTIMO EL MÁS RECIENTE)/Chat de WhatsApp con Marc Souza Gil/PTT-20260810-WA0083.opus,Audio OPUS,29228,2026-08-18,MARC,Marc,B,MEDIA-ALTA (conversación personal)
PTT-20260814-WA0077.opus,MARC/Chat de WhatsApp con MARC (ÚLTIMO EL MÁS RECIENTE)/Chat de WhatsApp con Marc Souza Gil/PTT-20260814-WA0077.opus,Audio OPUS,55035,2026-08-18,MARC,Marc,B,MEDIA-ALTA (conversación personal)
PTT-20260814-WA0111.opus,MARC/Chat de WhatsApp con MARC (ÚLTIMO EL MÁS RECIENTE)/Chat de WhatsApp con Marc Souza Gil/PTT-20260814-WA0111.opus,Audio OPUS,120219,2026-08-18,MARC,Marc,B,MEDIA-ALTA (conversación personal)
PTT-20260814-WA0112.opus,MARC/Chat de WhatsApp con MARC (ÚLTIMO EL MÁS RECIENTE)/Chat de WhatsApp con Marc Souza Gil/PTT-20260814-WA0112.opus,Audio OPUS,46869,2026-08-18,MARC,Marc,B,MEDIA-ALTA (conversación personal)
PTT-20260814-WA0114.opus,MARC/Chat de WhatsApp con MARC (ÚLTIMO EL MÁS RECIENTE)/Chat de WhatsApp con Marc Souza Gil/PTT-20260814-WA0114.opus,Audio OPUS,38878,2026-08-18,MARC,Marc,B,MEDIA-ALTA (conversación personal)
PTT-20260814-WA0115.opus,MARC/Chat de WhatsApp con MARC (ÚLTIMO EL MÁS RECIENTE)/Chat de WhatsApp con Marc Souza Gil/PTT-20260814-WA0115.opus,Audio OPUS,19681,2026-08-18,MARC,Marc,B,MEDIA-ALTA (conversación personal)
PTT-20260814-WA0116.opus,MARC/Chat de WhatsApp con MARC (ÚLTIMO EL MÁS RECIENTE)/Chat de WhatsApp con Marc Souza Gil/PTT-20260814-WA0116.opus,Audio OPUS,53077,2026-08-18,MARC,Marc,B,MEDIA-ALTA (conversación personal)
PTT-20260814-WA0137.opus,MARC/Chat de WhatsApp con MARC (ÚLTIMO EL MÁS RECIENTE)/Chat de WhatsApp con Marc Souza Gil/PTT-20260814-WA0137.opus,Audio OPUS,121948,2026-08-18,MARC,Marc,B,MEDIA-ALTA (conversación personal)
PTT-20260814-WA0170.opus,MARC/Chat de WhatsApp con MARC (ÚLTIMO EL MÁS RECIENTE)/Chat de WhatsApp con Marc Souza Gil/PTT-20260814-WA0170.opus,Audio OPUS,102168,2026-08-18,MARC,Marc,B,MEDIA-ALTA (conversación personal)
PTT-20260814-WA0184.opus,MARC/Chat de WhatsApp con MARC (ÚLTIMO EL MÁS RECIENTE)/Chat de WhatsApp con Marc Souza Gil/PTT-20260814-WA0184.opus,Audio OPUS,69718,2026-08-18,MARC,Marc,B,MEDIA-ALTA (conversación personal)
PTT-20260814-WA0188.opus,MARC/Chat de WhatsApp con MARC (ÚLTIMO EL MÁS RECIENTE)/Chat de WhatsApp con Marc Souza Gil/PTT-20260814-WA0188.opus,Audio OPUS,4801,2026-08-18,MARC,Marc,B,MEDIA-ALTA (conversación personal)
PTT-20260815-WA0071.opus,MARC/Chat de WhatsApp con MARC (ÚLTIMO EL MÁS RECIENTE)/Chat de WhatsApp con Marc Souza Gil/PTT-20260815-WA0071.opus,Audio OPUS,36154,2026-08-18,MARC,Marc,B,MEDIA-ALTA (conversación personal)
PTT-20260815-WA0073.opus,MARC/Chat de WhatsApp con MARC (ÚLTIMO EL MÁS RECIENTE)/Chat de WhatsApp con Marc Souza Gil/PTT-20260815-WA0073.opus,Audio OPUS,23604,2026-08-18,MARC,Marc,B,MEDIA-ALTA (conversación personal)
PTT-20260815-WA0074.opus,MARC/Chat de WhatsApp con MARC (ÚLTIMO EL MÁS RECIENTE)/Chat de WhatsApp con Marc Souza Gil/PTT-20260815-WA0074.opus,Audio OPUS,39581,2026-08-18,MARC,Marc,B,MEDIA-ALTA (conversación personal)
PTT-20260815-WA0077.opus,MARC/Chat de WhatsApp con MARC (ÚLTIMO EL MÁS RECIENTE)/Chat de WhatsApp con Marc Souza Gil/PTT-20260815-WA0077.opus,Audio OPUS,21167,2026-08-18,MARC,Marc,B,MEDIA-ALTA (conversación personal)
PTT-20260817-WA0006.opus,MARC/Chat de WhatsApp con MARC (ÚLTIMO EL MÁS RECIENTE)/Chat de WhatsApp con Marc Souza Gil/PTT-20260817-WA0006.opus,Audio OPUS,4509,2026-08-18,MARC,Marc,B,MEDIA-ALTA (conversación personal)
PTT-20260817-WA0010.opus,MARC/Chat de WhatsApp con MARC (ÚLTIMO EL MÁS RECIENTE)/Chat de WhatsApp con Marc Souza Gil/PTT-20260817-WA0010.opus,Audio OPUS,234351,2026-08-18,MARC,Marc,B,MEDIA-ALTA (conversación personal)
PTT-20260817-WA0011.opus,MARC/Chat de WhatsApp con MARC (ÚLTIMO EL MÁS RECIENTE)/Chat de WhatsApp con Marc Souza Gil/PTT-20260817-WA0011.opus,Audio OPUS,380153,2026-08-18,MARC,Marc,B,MEDIA-ALTA (conversación personal)
PTT-20260817-WA0012.opus,MARC/Chat de WhatsApp con MARC (ÚLTIMO EL MÁS RECIENTE)/Chat de WhatsApp con Marc Souza Gil/PTT-20260817-WA0012.opus,Audio OPUS,426394,2026-08-18,MARC,Marc,B,MEDIA-ALTA (conversación personal)
PTT-20260817-WA0013.opus,MARC/Chat de WhatsApp con MARC (ÚLTIMO EL MÁS RECIENTE)/Chat de WhatsApp con Marc Souza Gil/PTT-20260817-WA0013.opus,Audio OPUS,140429,2026-08-18,MARC,Marc,B,MEDIA-ALTA (conversación personal)
PTT-20260817-WA0014.opus,MARC/Chat de WhatsApp con MARC (ÚLTIMO EL MÁS RECIENTE)/Chat de WhatsApp con Marc Souza Gil/PTT-20260817-WA0014.opus,Audio OPUS,202742,2026-08-18,MARC,Marc,B,MEDIA-ALTA (conversación personal)
PTT-20260817-WA0015.opus,MARC/Chat de WhatsApp con MARC (ÚLTIMO EL MÁS RECIENTE)/Chat de WhatsApp con Marc Souza Gil/PTT-20260817-WA0015.opus,Audio OPUS,112509,2026-08-18,MARC,Marc,B,MEDIA-ALTA (conversación personal)
PTT-20260817-WA0017.opus,MARC/Chat de WhatsApp con MARC (ÚLTIMO EL MÁS RECIENTE)/Chat de WhatsApp con Marc Souza Gil/PTT-20260817-WA0017.opus,Audio OPUS,98702,2026-08-18,MARC,Marc,B,MEDIA-ALTA (conversación personal)
PTT-20260817-WA0018.opus,MARC/Chat de WhatsApp con MARC (ÚLTIMO EL MÁS RECIENTE)/Chat de WhatsApp con Marc Souza Gil/PTT-20260817-WA0018.opus,Audio OPUS,560727,2026-08-18,MARC,Marc,B,MEDIA-ALTA (conversación personal)
PTT-20260817-WA0019.opus,MARC/Chat de WhatsApp con MARC (ÚLTIMO EL MÁS RECIENTE)/Chat de WhatsApp con Marc Souza Gil/PTT-20260817-WA0019.opus,Audio OPUS,35068,2026-08-18,MARC,Marc,B,MEDIA-ALTA (conversación personal)
PTT-20260817-WA0020.opus,MARC/Chat de WhatsApp con MARC (ÚLTIMO EL MÁS RECIENTE)/Chat de WhatsApp con Marc Souza Gil/PTT-20260817-WA0020.opus,Audio OPUS,29882,2026-08-18,MARC,Marc,B,MEDIA-ALTA (conversación personal)
PTT-20260817-WA0021.opus,MARC/Chat de WhatsApp con MARC (ÚLTIMO EL MÁS RECIENTE)/Chat de WhatsApp con Marc Souza Gil/PTT-20260817-WA0021.opus,Audio OPUS,249039,2026-08-18,MARC,Marc,B,MEDIA-ALTA (conversación personal)
PTT-20260817-WA0022.opus,MARC/Chat de WhatsApp con MARC (ÚLTIMO EL MÁS RECIENTE)/Chat de WhatsApp con Marc Souza Gil/PTT-20260817-WA0022.opus,Audio OPUS,370907,2026-08-18,MARC,Marc,B,MEDIA-ALTA (conversación personal)
PTT-20260817-WA0023.opus,MARC/Chat de WhatsApp con MARC (ÚLTIMO EL MÁS RECIENTE)/Chat de WhatsApp con Marc Souza Gil/PTT-20260817-WA0023.opus,Audio OPUS,232312,2026-08-18,MARC,Marc,B,MEDIA-ALTA (conversación personal)
PTT-20260817-WA0024.opus,MARC/Chat de WhatsApp con MARC (ÚLTIMO EL MÁS RECIENTE)/Chat de WhatsApp con Marc Souza Gil/PTT-20260817-WA0024.opus,Audio OPUS,144740,2026-08-18,MARC,Marc,B,MEDIA-ALTA (conversación personal)
PTT-20260817-WA0006.txt,MARC/Chat de WhatsApp con MARC (ÚLTIMO EL MÁS RECIENTE)/Chat de WhatsApp con Marc Souza Gil/transcripts_20260817/PTT-20260817-WA0006.txt,Texto,19,2026-08-18,MARC,Marc,B,MEDIA-ALTA (conversación personal)
PTT-20260817-WA0010.txt,MARC/Chat de WhatsApp con MARC (ÚLTIMO EL MÁS RECIENTE)/Chat de WhatsApp con Marc Souza Gil/transcripts_20260817/PTT-20260817-WA0010.txt,Texto,1187,2026-08-18,MARC,Marc,B,MEDIA-ALTA (conversación personal)
PTT-20260817-WA0011.txt,MARC/Chat de WhatsApp con MARC (ÚLTIMO EL MÁS RECIENTE)/Chat de WhatsApp con Marc Souza Gil/transcripts_20260817/PTT-20260817-WA0011.txt,Texto,1863,2026-08-18,MARC,Marc,B,MEDIA-ALTA (conversación personal)
PTT-20260817-WA0012.txt,MARC/Chat de WhatsApp con MARC (ÚLTIMO EL MÁS RECIENTE)/Chat de WhatsApp con Marc Souza Gil/transcripts_20260817/PTT-20260817-WA0012.txt,Texto,2324,2026-08-18,MARC,Marc,B,MEDIA-ALTA (conversación personal)
PTT-20260817-WA0013.txt,MARC/Chat de WhatsApp con MARC (ÚLTIMO EL MÁS RECIENTE)/Chat de WhatsApp con Marc Souza Gil/transcripts_20260817/PTT-20260817-WA0013.txt,Texto,828,2026-08-18,MARC,Marc,B,MEDIA-ALTA (conversación personal)
PTT-20260817-WA0014.txt,MARC/Chat de WhatsApp con MARC (ÚLTIMO EL MÁS RECIENTE)/Chat de WhatsApp con Marc Souza Gil/transcripts_20260817/PTT-20260817-WA0014.txt,Texto,1003,2026-08-18,MARC,Marc,B,MEDIA-ALTA (conversación personal)
PTT-20260817-WA0015.txt,MARC/Chat de WhatsApp con MARC (ÚLTIMO EL MÁS RECIENTE)/Chat de WhatsApp con Marc Souza Gil/transcripts_20260817/PTT-20260817-WA0015.txt,Texto,653,2026-08-18,MARC,Marc,B,MEDIA-ALTA (conversación personal)
PTT-20260817-WA0017.txt,MARC/Chat de WhatsApp con MARC (ÚLTIMO EL MÁS RECIENTE)/Chat de WhatsApp con Marc Souza Gil/transcripts_20260817/PTT-20260817-WA0017.txt,Texto,579,2026-08-18,MARC,Marc,B,MEDIA-ALTA (conversación personal)
PTT-20260817-WA0018.txt,MARC/Chat de WhatsApp con MARC (ÚLTIMO EL MÁS RECIENTE)/Chat de WhatsApp con Marc Souza Gil/transcripts_20260817/PTT-20260817-WA0018.txt,Texto,2774,2026-08-18,MARC,Marc,B,MEDIA-ALTA (conversación personal)
PTT-20260817-WA0019.txt,MARC/Chat de WhatsApp con MARC (ÚLTIMO EL MÁS RECIENTE)/Chat de WhatsApp con Marc Souza Gil/transcripts_20260817/PTT-20260817-WA0019.txt,Texto,196,2026-08-18,MARC,Marc,B,MEDIA-ALTA (conversación personal)
PTT-20260817-WA0020.txt,MARC/Chat de WhatsApp con MARC (ÚLTIMO EL MÁS RECIENTE)/Chat de WhatsApp con Marc Souza Gil/transcripts_20260817/PTT-20260817-WA0020.txt,Texto,171,2026-08-18,MARC,Marc,B,MEDIA-ALTA (conversación personal)
PTT-20260817-WA0021.txt,MARC/Chat de WhatsApp con MARC (ÚLTIMO EL MÁS RECIENTE)/Chat de WhatsApp con Marc Souza Gil/transcripts_20260817/PTT-20260817-WA0021.txt,Texto,1405,2026-08-18,MARC,Marc,B,MEDIA-ALTA (conversación personal)
PTT-20260817-WA0022.txt,MARC/Chat de WhatsApp con MARC (ÚLTIMO EL MÁS RECIENTE)/Chat de WhatsApp con Marc Souza Gil/transcripts_20260817/PTT-20260817-WA0022.txt,Texto,2035,2026-08-18,MARC,Marc,B,MEDIA-ALTA (conversación personal)
PTT-20260817-WA0023.txt,MARC/Chat de WhatsApp con MARC (ÚLTIMO EL MÁS RECIENTE)/Chat de WhatsApp con Marc Souza Gil/transcripts_20260817/PTT-20260817-WA0023.txt,Texto,1156,2026-08-18,MARC,Marc,B,MEDIA-ALTA (conversación personal)
PTT-20260817-WA0024.txt,MARC/Chat de WhatsApp con MARC (ÚLTIMO EL MÁS RECIENTE)/Chat de WhatsApp con Marc Souza Gil/transcripts_20260817/PTT-20260817-WA0024.txt,Texto,766,2026-08-18,MARC,Marc,B,MEDIA-ALTA (conversación personal)
5.0 IE6 - Contrato de prestación de servicios y garantía de resultados.pdf,MARC/Chat de WhatsApp con MARC/5.0 IE6 - Contrato de prestación de servicios y garantía de resultados.pdf,PDF,132692,2026-08-15,MARC,Marc,A,ALTA (contractual/personal)
CVREDES.pdf,MARC/Chat de WhatsApp con MARC/CVREDES.pdf,PDF,437762,2026-08-15,MARC,Marc,C,MEDIA-ALTA (conversación personal)
Chat de WhatsApp con MARC.txt,MARC/Chat de WhatsApp con MARC/Chat de WhatsApp con MARC.txt,Texto,76799,2026-08-15,MARC,Marc,B,MEDIA-ALTA (conversación personal)
DOC-20260812-WA0062.docx,MARC/Chat de WhatsApp con MARC/DOC-20260812-WA0062.docx,DOCX,53716,2026-08-15,MARC,Marc,A,MEDIA-ALTA (conversación personal)
DOC-20260812-WA0125.docx,MARC/Chat de WhatsApp con MARC/DOC-20260812-WA0125.docx,DOCX,50565,2026-08-15,MARC,Marc,A,MEDIA-ALTA (conversación personal)
Doc1_Informe_Sesion_Marc_04-05-26.pdf,MARC/Chat de WhatsApp con MARC/Doc1_Informe_Sesion_Marc_04-05-26.pdf,PDF,98182,2026-08-15,MARC,Marc,A,MEDIA-ALTA (conversación personal)
Doc2_Plan_Operativo_Marc_04-05-26.pdf,MARC/Chat de WhatsApp con MARC/Doc2_Plan_Operativo_Marc_04-05-26.pdf,PDF,188291,2026-08-15,MARC,Marc,A,MEDIA-ALTA (conversación personal)
Doc3_Contexto_Escala_Marc.pdf,MARC/Chat de WhatsApp con MARC/Doc3_Contexto_Escala_Marc.pdf,PDF,135130,2026-08-15,MARC,Marc,A,MEDIA-ALTA (conversación personal)
IMG-20260724-WA0190.jpg,MARC/Chat de WhatsApp con MARC/IMG-20260724-WA0190.jpg,Imagen,138693,2026-08-15,MARC,Marc,C,MEDIA-ALTA (conversación personal)
IMG-20260805-WA0001.jpg,MARC/Chat de WhatsApp con MARC/IMG-20260805-WA0001.jpg,Imagen,155058,2026-08-15,MARC,Marc,C,MEDIA-ALTA (conversación personal)
IMG-20260812-WA0122.jpg,MARC/Chat de WhatsApp con MARC/IMG-20260812-WA0122.jpg,Imagen,52790,2026-08-15,MARC,Marc,C,MEDIA-ALTA (conversación personal)
IMG-20260814-WA0011.jpg,MARC/Chat de WhatsApp con MARC/IMG-20260814-WA0011.jpg,Imagen,218490,2026-08-15,MARC,Marc,C,MEDIA-ALTA (conversación personal)
IMG-20260814-WA0012.jpg,MARC/Chat de WhatsApp con MARC/IMG-20260814-WA0012.jpg,Imagen,142173,2026-08-15,MARC,Marc,C,MEDIA-ALTA (conversación personal)
IMG-20260814-WA0013.jpg,MARC/Chat de WhatsApp con MARC/IMG-20260814-WA0013.jpg,Imagen,383104,2026-08-15,MARC,Marc,C,MEDIA-ALTA (conversación personal)
IMG-20260814-WA0014.jpg,MARC/Chat de WhatsApp con MARC/IMG-20260814-WA0014.jpg,Imagen,213646,2026-08-15,MARC,Marc,C,MEDIA-ALTA (conversación personal)
IMG-20260814-WA0015.jpg,MARC/Chat de WhatsApp con MARC/IMG-20260814-WA0015.jpg,Imagen,127083,2026-08-15,MARC,Marc,C,MEDIA-ALTA (conversación personal)
IMG-20260814-WA0016.jpg,MARC/Chat de WhatsApp con MARC/IMG-20260814-WA0016.jpg,Imagen,198677,2026-08-15,MARC,Marc,C,MEDIA-ALTA (conversación personal)
IMG-20260814-WA0070.jpg,MARC/Chat de WhatsApp con MARC/IMG-20260814-WA0070.jpg,Imagen,181480,2026-08-15,MARC,Marc,C,MEDIA-ALTA (conversación personal)
IMG-20260814-WA0071.jpg,MARC/Chat de WhatsApp con MARC/IMG-20260814-WA0071.jpg,Imagen,128935,2026-08-15,MARC,Marc,C,MEDIA-ALTA (conversación personal)
IMG-20260814-WA0072.jpg,MARC/Chat de WhatsApp con MARC/IMG-20260814-WA0072.jpg,Imagen,70989,2026-08-15,MARC,Marc,C,MEDIA-ALTA (conversación personal)
IMG-20260814-WA0073.jpg,MARC/Chat de WhatsApp con MARC/IMG-20260814-WA0073.jpg,Imagen,60656,2026-08-15,MARC,Marc,C,MEDIA-ALTA (conversación personal)
INFORME - IMPODERATE.pdf,MARC/Chat de WhatsApp con MARC/INFORME - IMPODERATE.pdf,PDF,1182466,2026-08-15,MARC,Marc,A,MEDIA-ALTA (conversación personal)
Info básic para Sebastian.docx,MARC/Chat de WhatsApp con MARC/Info básic para Sebastian.docx,DOCX,15108,2026-08-15,MARC,Marc,A,MEDIA-ALTA (conversación personal)
Oferta_Colaboracion_Sebastian.xlsx,MARC/Chat de WhatsApp con MARC/Oferta_Colaboracion_Sebastian.xlsx,XLSX,15543,2026-08-15,MARC,Marc,A,ALTA (contractual/personal)
PTT-20260804-WA0123.opus,MARC/Chat de WhatsApp con MARC/PTT-20260804-WA0123.opus,Audio OPUS,134559,2026-08-15,MARC,Marc,B,MEDIA-ALTA (conversación personal)
PTT-20260804-WA0124.opus,MARC/Chat de WhatsApp con MARC/PTT-20260804-WA0124.opus,Audio OPUS,371761,2026-08-15,MARC,Marc,B,MEDIA-ALTA (conversación personal)
PTT-20260804-WA0125.opus,MARC/Chat de WhatsApp con MARC/PTT-20260804-WA0125.opus,Audio OPUS,946276,2026-08-15,MARC,Marc,B,MEDIA-ALTA (conversación personal)
PTT-20260804-WA0126.opus,MARC/Chat de WhatsApp con MARC/PTT-20260804-WA0126.opus,Audio OPUS,283897,2026-08-15,MARC,Marc,B,MEDIA-ALTA (conversación personal)
PTT-20260804-WA0133.opus,MARC/Chat de WhatsApp con MARC/PTT-20260804-WA0133.opus,Audio OPUS,398655,2026-08-15,MARC,Marc,B,MEDIA-ALTA (conversación personal)
PTT-20260805-WA0005.opus,MARC/Chat de WhatsApp con MARC/PTT-20260805-WA0005.opus,Audio OPUS,335631,2026-08-15,MARC,Marc,B,MEDIA-ALTA (conversación personal)
PTT-20260807-WA0000.opus,MARC/Chat de WhatsApp con MARC/PTT-20260807-WA0000.opus,Audio OPUS,265969,2026-08-15,MARC,Marc,B,MEDIA-ALTA (conversación personal)
PTT-20260807-WA0004.opus,MARC/Chat de WhatsApp con MARC/PTT-20260807-WA0004.opus,Audio OPUS,248418,2026-08-15,MARC,Marc,B,MEDIA-ALTA (conversación personal)
PTT-20260807-WA0081.opus,MARC/Chat de WhatsApp con MARC/PTT-20260807-WA0081.opus,Audio OPUS,96585,2026-08-15,MARC,Marc,B,MEDIA-ALTA (conversación personal)
PTT-20260810-WA0060.opus,MARC/Chat de WhatsApp con MARC/PTT-20260810-WA0060.opus,Audio OPUS,12250,2026-08-15,MARC,Marc,B,MEDIA-ALTA (conversación personal)
PTT-20260810-WA0081.opus,MARC/Chat de WhatsApp con MARC/PTT-20260810-WA0081.opus,Audio OPUS,159143,2026-08-15,MARC,Marc,B,MEDIA-ALTA (conversación personal)
PTT-20260810-WA0082.opus,MARC/Chat de WhatsApp con MARC/PTT-20260810-WA0082.opus,Audio OPUS,15724,2026-08-15,MARC,Marc,B,MEDIA-ALTA (conversación personal)
PTT-20260810-WA0083.opus,MARC/Chat de WhatsApp con MARC/PTT-20260810-WA0083.opus,Audio OPUS,29228,2026-08-15,MARC,Marc,B,MEDIA-ALTA (conversación personal)
PTT-20260814-WA0077.opus,MARC/Chat de WhatsApp con MARC/PTT-20260814-WA0077.opus,Audio OPUS,55035,2026-08-15,MARC,Marc,B,MEDIA-ALTA (conversación personal)
PTT-20260814-WA0111.opus,MARC/Chat de WhatsApp con MARC/PTT-20260814-WA0111.opus,Audio OPUS,120219,2026-08-15,MARC,Marc,B,MEDIA-ALTA (conversación personal)
PTT-20260814-WA0112.opus,MARC/Chat de WhatsApp con MARC/PTT-20260814-WA0112.opus,Audio OPUS,46869,2026-08-15,MARC,Marc,B,MEDIA-ALTA (conversación personal)
PTT-20260814-WA0114.opus,MARC/Chat de WhatsApp con MARC/PTT-20260814-WA0114.opus,Audio OPUS,38878,2026-08-15,MARC,Marc,B,MEDIA-ALTA (conversación personal)
PTT-20260814-WA0115.opus,MARC/Chat de WhatsApp con MARC/PTT-20260814-WA0115.opus,Audio OPUS,19681,2026-08-15,MARC,Marc,B,MEDIA-ALTA (conversación personal)
PTT-20260814-WA0116.opus,MARC/Chat de WhatsApp con MARC/PTT-20260814-WA0116.opus,Audio OPUS,53077,2026-08-15,MARC,Marc,B,MEDIA-ALTA (conversación personal)
PTT-20260814-WA0137.opus,MARC/Chat de WhatsApp con MARC/PTT-20260814-WA0137.opus,Audio OPUS,121948,2026-08-15,MARC,Marc,B,MEDIA-ALTA (conversación personal)
PTT-20260814-WA0170.opus,MARC/Chat de WhatsApp con MARC/PTT-20260814-WA0170.opus,Audio OPUS,102168,2026-08-15,MARC,Marc,B,MEDIA-ALTA (conversación personal)
PTT-20260814-WA0184.opus,MARC/Chat de WhatsApp con MARC/PTT-20260814-WA0184.opus,Audio OPUS,69718,2026-08-15,MARC,Marc,B,MEDIA-ALTA (conversación personal)
PTT-20260814-WA0188.opus,MARC/Chat de WhatsApp con MARC/PTT-20260814-WA0188.opus,Audio OPUS,4801,2026-08-15,MARC,Marc,B,MEDIA-ALTA (conversación personal)
PTT-20260815-WA0071.opus,MARC/Chat de WhatsApp con MARC/PTT-20260815-WA0071.opus,Audio OPUS,36154,2026-08-15,MARC,Marc,B,MEDIA-ALTA (conversación personal)
PTT-20260815-WA0073.opus,MARC/Chat de WhatsApp con MARC/PTT-20260815-WA0073.opus,Audio OPUS,23604,2026-08-15,MARC,Marc,B,MEDIA-ALTA (conversación personal)
PTT-20260815-WA0074.opus,MARC/Chat de WhatsApp con MARC/PTT-20260815-WA0074.opus,Audio OPUS,39581,2026-08-15,MARC,Marc,B,MEDIA-ALTA (conversación personal)
PTT-20260815-WA0077.opus,MARC/Chat de WhatsApp con MARC/PTT-20260815-WA0077.opus,Audio OPUS,21167,2026-08-15,MARC,Marc,B,MEDIA-ALTA (conversación personal)
transcribe_instructions.txt,MARC/Chat de WhatsApp con MARC/transcribe_instructions.txt,Texto,2240,2026-08-16,MARC,Marc,B,MEDIA-ALTA (conversación personal)
PTT-20260804-WA0123.json,MARC/Chat de WhatsApp con MARC/transcripts/PTT-20260804-WA0123.json,Config,3669,2026-08-16,MARC,Marc,B,MEDIA-ALTA (conversación personal)
PTT-20260804-WA0123.srt,MARC/Chat de WhatsApp con MARC/transcripts/PTT-20260804-WA0123.srt,SRT,903,2026-08-16,MARC,Marc,B,MEDIA-ALTA (conversación personal)
PTT-20260804-WA0123.tsv,MARC/Chat de WhatsApp con MARC/transcripts/PTT-20260804-WA0123.tsv,TSV,819,2026-08-16,MARC,Marc,B,MEDIA-ALTA (conversación personal)
PTT-20260804-WA0123.txt,MARC/Chat de WhatsApp con MARC/transcripts/PTT-20260804-WA0123.txt,Texto,759,2026-08-16,MARC,Marc,B,MEDIA-ALTA (conversación personal)
PTT-20260804-WA0123.vtt,MARC/Chat de WhatsApp con MARC/transcripts/PTT-20260804-WA0123.vtt,VTT,877,2026-08-16,MARC,Marc,B,MEDIA-ALTA (conversación personal)
PTT-20260804-WA0124.json,MARC/Chat de WhatsApp con MARC/transcripts/PTT-20260804-WA0124.json,Config,12218,2026-08-16,MARC,Marc,B,MEDIA-ALTA (conversación personal)
PTT-20260804-WA0124.srt,MARC/Chat de WhatsApp con MARC/transcripts/PTT-20260804-WA0124.srt,SRT,2897,2026-08-16,MARC,Marc,B,MEDIA-ALTA (conversación personal)
PTT-20260804-WA0124.tsv,MARC/Chat de WhatsApp con MARC/transcripts/PTT-20260804-WA0124.tsv,TSV,2383,2026-08-16,MARC,Marc,B,MEDIA-ALTA (conversación personal)
PTT-20260804-WA0124.txt,MARC/Chat de WhatsApp con MARC/transcripts/PTT-20260804-WA0124.txt,Texto,2092,2026-08-16,MARC,Marc,B,MEDIA-ALTA (conversación personal)
PTT-20260804-WA0124.vtt,MARC/Chat de WhatsApp con MARC/transcripts/PTT-20260804-WA0124.vtt,VTT,2696,2026-08-16,MARC,Marc,B,MEDIA-ALTA (conversación personal)
PTT-20260804-WA0125.json,MARC/Chat de WhatsApp con MARC/transcripts/PTT-20260804-WA0125.json,Config,28416,2026-08-16,MARC,Marc,B,MEDIA-ALTA (conversación personal)
PTT-20260804-WA0125.srt,MARC/Chat de WhatsApp con MARC/transcripts/PTT-20260804-WA0125.srt,SRT,6570,2026-08-16,MARC,Marc,B,MEDIA-ALTA (conversación personal)
PTT-20260804-WA0125.tsv,MARC/Chat de WhatsApp con MARC/transcripts/PTT-20260804-WA0125.tsv,TSV,5439,2026-08-16,MARC,Marc,B,MEDIA-ALTA (conversación personal)
PTT-20260804-WA0125.txt,MARC/Chat de WhatsApp con MARC/transcripts/PTT-20260804-WA0125.txt,Texto,4766,2026-08-16,MARC,Marc,B,MEDIA-ALTA (conversación personal)
PTT-20260804-WA0125.vtt,MARC/Chat de WhatsApp con MARC/transcripts/PTT-20260804-WA0125.vtt,VTT,6099,2026-08-16,MARC,Marc,B,MEDIA-ALTA (conversación personal)
PTT-20260804-WA0126.json,MARC/Chat de WhatsApp con MARC/transcripts/PTT-20260804-WA0126.json,Config,8572,2026-08-16,MARC,Marc,B,MEDIA-ALTA (conversación personal)
PTT-20260804-WA0126.srt,MARC/Chat de WhatsApp con MARC/transcripts/PTT-20260804-WA0126.srt,SRT,1995,2026-08-16,MARC,Marc,B,MEDIA-ALTA (conversación personal)
PTT-20260804-WA0126.tsv,MARC/Chat de WhatsApp con MARC/transcripts/PTT-20260804-WA0126.tsv,TSV,1617,2026-08-16,MARC,Marc,B,MEDIA-ALTA (conversación personal)
PTT-20260804-WA0126.txt,MARC/Chat de WhatsApp con MARC/transcripts/PTT-20260804-WA0126.txt,Texto,1412,2026-08-16,MARC,Marc,B,MEDIA-ALTA (conversación personal)
PTT-20260804-WA0126.vtt,MARC/Chat de WhatsApp con MARC/transcripts/PTT-20260804-WA0126.vtt,VTT,1854,2026-08-16,MARC,Marc,B,MEDIA-ALTA (conversación personal)
PTT-20260804-WA0133.json,MARC/Chat de WhatsApp con MARC/transcripts/PTT-20260804-WA0133.json,Config,17060,2026-08-16,MARC,Marc,B,MEDIA-ALTA (conversación personal)
PTT-20260804-WA0133.srt,MARC/Chat de WhatsApp con MARC/transcripts/PTT-20260804-WA0133.srt,SRT,3892,2026-08-16,MARC,Marc,B,MEDIA-ALTA (conversación personal)
PTT-20260804-WA0133.tsv,MARC/Chat de WhatsApp con MARC/transcripts/PTT-20260804-WA0133.tsv,TSV,3161,2026-08-16,MARC,Marc,B,MEDIA-ALTA (conversación personal)
PTT-20260804-WA0133.txt,MARC/Chat de WhatsApp con MARC/transcripts/PTT-20260804-WA0133.txt,Texto,2754,2026-08-16,MARC,Marc,B,MEDIA-ALTA (conversación personal)
PTT-20260804-WA0133.vtt,MARC/Chat de WhatsApp con MARC/transcripts/PTT-20260804-WA0133.vtt,VTT,3601,2026-08-16,MARC,Marc,B,MEDIA-ALTA (conversación personal)
PTT-20260805-WA0005.json,MARC/Chat de WhatsApp con MARC/transcripts/PTT-20260805-WA0005.json,Config,7201,2026-08-16,MARC,Marc,B,MEDIA-ALTA (conversación personal)
PTT-20260805-WA0005.srt,MARC/Chat de WhatsApp con MARC/transcripts/PTT-20260805-WA0005.srt,SRT,1884,2026-08-16,MARC,Marc,B,MEDIA-ALTA (conversación personal)
PTT-20260805-WA0005.tsv,MARC/Chat de WhatsApp con MARC/transcripts/PTT-20260805-WA0005.tsv,TSV,1757,2026-08-16,MARC,Marc,B,MEDIA-ALTA (conversación personal)
PTT-20260805-WA0005.txt,MARC/Chat de WhatsApp con MARC/transcripts/PTT-20260805-WA0005.txt,Texto,1668,2026-08-16,MARC,Marc,B,MEDIA-ALTA (conversación personal)
PTT-20260805-WA0005.vtt,MARC/Chat de WhatsApp con MARC/transcripts/PTT-20260805-WA0005.vtt,VTT,1840,2026-08-16,MARC,Marc,B,MEDIA-ALTA (conversación personal)
PTT-20260807-WA0000.json,MARC/Chat de WhatsApp con MARC/transcripts/PTT-20260807-WA0000.json,Config,9405,2026-08-16,MARC,Marc,B,MEDIA-ALTA (conversación personal)
PTT-20260807-WA0000.srt,MARC/Chat de WhatsApp con MARC/transcripts/PTT-20260807-WA0000.srt,SRT,2072,2026-08-16,MARC,Marc,B,MEDIA-ALTA (conversación personal)
PTT-20260807-WA0000.tsv,MARC/Chat de WhatsApp con MARC/transcripts/PTT-20260807-WA0000.tsv,TSV,1571,2026-08-16,MARC,Marc,B,MEDIA-ALTA (conversación personal)
PTT-20260807-WA0000.txt,MARC/Chat de WhatsApp con MARC/transcripts/PTT-20260807-WA0000.txt,Texto,1304,2026-08-16,MARC,Marc,B,MEDIA-ALTA (conversación personal)
PTT-20260807-WA0000.vtt,MARC/Chat de WhatsApp con MARC/transcripts/PTT-20260807-WA0000.vtt,VTT,1881,2026-08-16,MARC,Marc,B,MEDIA-ALTA (conversación personal)
PTT-20260807-WA0004.json,MARC/Chat de WhatsApp con MARC/transcripts/PTT-20260807-WA0004.json,Config,7450,2026-08-16,MARC,Marc,B,MEDIA-ALTA (conversación personal)
PTT-20260807-WA0004.srt,MARC/Chat de WhatsApp con MARC/transcripts/PTT-20260807-WA0004.srt,SRT,1689,2026-08-16,MARC,Marc,B,MEDIA-ALTA (conversación personal)
PTT-20260807-WA0004.tsv,MARC/Chat de WhatsApp con MARC/transcripts/PTT-20260807-WA0004.tsv,TSV,1384,2026-08-16,MARC,Marc,B,MEDIA-ALTA (conversación personal)
PTT-20260807-WA0004.txt,MARC/Chat de WhatsApp con MARC/transcripts/PTT-20260807-WA0004.txt,Texto,1217,2026-08-16,MARC,Marc,B,MEDIA-ALTA (conversación personal)
PTT-20260807-WA0004.vtt,MARC/Chat de WhatsApp con MARC/transcripts/PTT-20260807-WA0004.vtt,VTT,1578,2026-08-16,MARC,Marc,B,MEDIA-ALTA (conversación personal)
PTT-20260807-WA0081.json,MARC/Chat de WhatsApp con MARC/transcripts/PTT-20260807-WA0081.json,Config,3468,2026-08-16,MARC,Marc,B,MEDIA-ALTA (conversación personal)
PTT-20260807-WA0081.srt,MARC/Chat de WhatsApp con MARC/transcripts/PTT-20260807-WA0081.srt,SRT,787,2026-08-16,MARC,Marc,B,MEDIA-ALTA (conversación personal)
PTT-20260807-WA0081.tsv,MARC/Chat de WhatsApp con MARC/transcripts/PTT-20260807-WA0081.tsv,TSV,653,2026-08-16,MARC,Marc,B,MEDIA-ALTA (conversación personal)
PTT-20260807-WA0081.txt,MARC/Chat de WhatsApp con MARC/transcripts/PTT-20260807-WA0081.txt,Texto,571,2026-08-16,MARC,Marc,B,MEDIA-ALTA (conversación personal)
PTT-20260807-WA0081.vtt,MARC/Chat de WhatsApp con MARC/transcripts/PTT-20260807-WA0081.vtt,VTT,743,2026-08-16,MARC,Marc,B,MEDIA-ALTA (conversación personal)
PTT-20260810-WA0060.json,MARC/Chat de WhatsApp con MARC/transcripts/PTT-20260810-WA0060.json,Config,1027,2026-08-16,MARC,Marc,B,MEDIA-ALTA (conversación personal)
PTT-20260810-WA0060.srt,MARC/Chat de WhatsApp con MARC/transcripts/PTT-20260810-WA0060.srt,SRT,183,2026-08-16,MARC,Marc,B,MEDIA-ALTA (conversación personal)
PTT-20260810-WA0060.tsv,MARC/Chat de WhatsApp con MARC/transcripts/PTT-20260810-WA0060.tsv,TSV,118,2026-08-16,MARC,Marc,B,MEDIA-ALTA (conversación personal)
PTT-20260810-WA0060.txt,MARC/Chat de WhatsApp con MARC/transcripts/PTT-20260810-WA0060.txt,Texto,75,2026-08-16,MARC,Marc,B,MEDIA-ALTA (conversación personal)
PTT-20260810-WA0060.vtt,MARC/Chat de WhatsApp con MARC/transcripts/PTT-20260810-WA0060.vtt,VTT,166,2026-08-16,MARC,Marc,B,MEDIA-ALTA (conversación personal)
PTT-20260810-WA0081.json,MARC/Chat de WhatsApp con MARC/transcripts/PTT-20260810-WA0081.json,Config,6323,2026-08-16,MARC,Marc,B,MEDIA-ALTA (conversación personal)
PTT-20260810-WA0081.srt,MARC/Chat de WhatsApp con MARC/transcripts/PTT-20260810-WA0081.srt,SRT,1452,2026-08-16,MARC,Marc,B,MEDIA-ALTA (conversación personal)
PTT-20260810-WA0081.tsv,MARC/Chat de WhatsApp con MARC/transcripts/PTT-20260810-WA0081.tsv,TSV,1196,2026-08-16,MARC,Marc,B,MEDIA-ALTA (conversación personal)
PTT-20260810-WA0081.txt,MARC/Chat de WhatsApp con MARC/transcripts/PTT-20260810-WA0081.txt,Texto,1054,2026-08-16,MARC,Marc,B,MEDIA-ALTA (conversación personal)
PTT-20260810-WA0081.vtt,MARC/Chat de WhatsApp con MARC/transcripts/PTT-20260810-WA0081.vtt,VTT,1361,2026-08-16,MARC,Marc,B,MEDIA-ALTA (conversación personal)
PTT-20260810-WA0082.json,MARC/Chat de WhatsApp con MARC/transcripts/PTT-20260810-WA0082.json,Config,685,2026-08-16,MARC,Marc,B,MEDIA-ALTA (conversación personal)
PTT-20260810-WA0082.srt,MARC/Chat de WhatsApp con MARC/transcripts/PTT-20260810-WA0082.srt,SRT,147,2026-08-16,MARC,Marc,B,MEDIA-ALTA (conversación personal)
PTT-20260810-WA0082.tsv,MARC/Chat de WhatsApp con MARC/transcripts/PTT-20260810-WA0082.tsv,TSV,134,2026-08-16,MARC,Marc,B,MEDIA-ALTA (conversación personal)
PTT-20260810-WA0082.txt,MARC/Chat de WhatsApp con MARC/transcripts/PTT-20260810-WA0082.txt,Texto,111,2026-08-16,MARC,Marc,B,MEDIA-ALTA (conversación personal)
PTT-20260810-WA0082.vtt,MARC/Chat de WhatsApp con MARC/transcripts/PTT-20260810-WA0082.vtt,VTT,148,2026-08-16,MARC,Marc,B,MEDIA-ALTA (conversación personal)
PTT-20260810-WA0083.json,MARC/Chat de WhatsApp con MARC/transcripts/PTT-20260810-WA0083.json,Config,1368,2026-08-16,MARC,Marc,B,MEDIA-ALTA (conversación personal)
PTT-20260810-WA0083.srt,MARC/Chat de WhatsApp con MARC/transcripts/PTT-20260810-WA0083.srt,SRT,294,2026-08-16,MARC,Marc,B,MEDIA-ALTA (conversación personal)
PTT-20260810-WA0083.tsv,MARC/Chat de WhatsApp con MARC/transcripts/PTT-20260810-WA0083.tsv,TSV,232,2026-08-16,MARC,Marc,B,MEDIA-ALTA (conversación personal)
PTT-20260810-WA0083.txt,MARC/Chat de WhatsApp con MARC/transcripts/PTT-20260810-WA0083.txt,Texto,186,2026-08-16,MARC,Marc,B,MEDIA-ALTA (conversación personal)
PTT-20260810-WA0083.vtt,MARC/Chat de WhatsApp con MARC/transcripts/PTT-20260810-WA0083.vtt,VTT,277,2026-08-16,MARC,Marc,B,MEDIA-ALTA (conversación personal)
PTT-20260814-WA0077.json,MARC/Chat de WhatsApp con MARC/transcripts/PTT-20260814-WA0077.json,Config,1609,2026-08-16,MARC,Marc,B,MEDIA-ALTA (conversación personal)
PTT-20260814-WA0077.srt,MARC/Chat de WhatsApp con MARC/transcripts/PTT-20260814-WA0077.srt,SRT,359,2026-08-16,MARC,Marc,B,MEDIA-ALTA (conversación personal)
PTT-20260814-WA0077.tsv,MARC/Chat de WhatsApp con MARC/transcripts/PTT-20260814-WA0077.tsv,TSV,297,2026-08-16,MARC,Marc,B,MEDIA-ALTA (conversación personal)
PTT-20260814-WA0077.txt,MARC/Chat de WhatsApp con MARC/transcripts/PTT-20260814-WA0077.txt,Texto,251,2026-08-16,MARC,Marc,B,MEDIA-ALTA (conversación personal)
PTT-20260814-WA0077.vtt,MARC/Chat de WhatsApp con MARC/transcripts/PTT-20260814-WA0077.vtt,VTT,342,2026-08-16,MARC,Marc,B,MEDIA-ALTA (conversación personal)
PTT-20260814-WA0111.json,MARC/Chat de WhatsApp con MARC/transcripts/PTT-20260814-WA0111.json,Config,2934,2026-08-16,MARC,Marc,B,MEDIA-ALTA (conversación personal)
PTT-20260814-WA0111.srt,MARC/Chat de WhatsApp con MARC/transcripts/PTT-20260814-WA0111.srt,SRT,665,2026-08-16,MARC,Marc,B,MEDIA-ALTA (conversación personal)
PTT-20260814-WA0111.tsv,MARC/Chat de WhatsApp con MARC/transcripts/PTT-20260814-WA0111.tsv,TSV,557,2026-08-16,MARC,Marc,B,MEDIA-ALTA (conversación personal)
PTT-20260814-WA0111.txt,MARC/Chat de WhatsApp con MARC/transcripts/PTT-20260814-WA0111.txt,Texto,485,2026-08-16,MARC,Marc,B,MEDIA-ALTA (conversación personal)
PTT-20260814-WA0111.vtt,MARC/Chat de WhatsApp con MARC/transcripts/PTT-20260814-WA0111.vtt,VTT,630,2026-08-16,MARC,Marc,B,MEDIA-ALTA (conversación personal)
PTT-20260814-WA0112.json,MARC/Chat de WhatsApp con MARC/transcripts/PTT-20260814-WA0112.json,Config,1458,2026-08-16,MARC,Marc,B,MEDIA-ALTA (conversación personal)
PTT-20260814-WA0112.srt,MARC/Chat de WhatsApp con MARC/transcripts/PTT-20260814-WA0112.srt,SRT,319,2026-08-16,MARC,Marc,B,MEDIA-ALTA (conversación personal)
PTT-20260814-WA0112.tsv,MARC/Chat de WhatsApp con MARC/transcripts/PTT-20260814-WA0112.tsv,TSV,259,2026-08-16,MARC,Marc,B,MEDIA-ALTA (conversación personal)
PTT-20260814-WA0112.txt,MARC/Chat de WhatsApp con MARC/transcripts/PTT-20260814-WA0112.txt,Texto,211,2026-08-16,MARC,Marc,B,MEDIA-ALTA (conversación personal)
PTT-20260814-WA0112.vtt,MARC/Chat de WhatsApp con MARC/transcripts/PTT-20260814-WA0112.vtt,VTT,302,2026-08-16,MARC,Marc,B,MEDIA-ALTA (conversación personal)
PTT-20260814-WA0114.json,MARC/Chat de WhatsApp con MARC/transcripts/PTT-20260814-WA0114.json,Config,1337,2026-08-16,MARC,Marc,B,MEDIA-ALTA (conversación personal)
PTT-20260814-WA0114.srt,MARC/Chat de WhatsApp con MARC/transcripts/PTT-20260814-WA0114.srt,SRT,314,2026-08-16,MARC,Marc,B,MEDIA-ALTA (conversación personal)
PTT-20260814-WA0114.tsv,MARC/Chat de WhatsApp con MARC/transcripts/PTT-20260814-WA0114.tsv,TSV,276,2026-08-16,MARC,Marc,B,MEDIA-ALTA (conversación personal)
PTT-20260814-WA0114.txt,MARC/Chat de WhatsApp con MARC/transcripts/PTT-20260814-WA0114.txt,Texto,242,2026-08-16,MARC,Marc,B,MEDIA-ALTA (conversación personal)
PTT-20260814-WA0114.vtt,MARC/Chat de WhatsApp con MARC/transcripts/PTT-20260814-WA0114.vtt,VTT,306,2026-08-16,MARC,Marc,B,MEDIA-ALTA (conversación personal)
PTT-20260814-WA0115.json,MARC/Chat de WhatsApp con MARC/transcripts/PTT-20260814-WA0115.json,Config,1062,2026-08-16,MARC,Marc,B,MEDIA-ALTA (conversación personal)
PTT-20260814-WA0115.srt,MARC/Chat de WhatsApp con MARC/transcripts/PTT-20260814-WA0115.srt,SRT,228,2026-08-16,MARC,Marc,B,MEDIA-ALTA (conversación personal)
PTT-20260814-WA0115.tsv,MARC/Chat de WhatsApp con MARC/transcripts/PTT-20260814-WA0115.tsv,TSV,189,2026-08-16,MARC,Marc,B,MEDIA-ALTA (conversación personal)
PTT-20260814-WA0115.txt,MARC/Chat de WhatsApp con MARC/transcripts/PTT-20260814-WA0115.txt,Texto,156,2026-08-16,MARC,Marc,B,MEDIA-ALTA (conversación personal)
PTT-20260814-WA0115.vtt,MARC/Chat de WhatsApp con MARC/transcripts/PTT-20260814-WA0115.vtt,VTT,220,2026-08-16,MARC,Marc,B,MEDIA-ALTA (conversación personal)
PTT-20260814-WA0116.json,MARC/Chat de WhatsApp con MARC/transcripts/PTT-20260814-WA0116.json,Config,2827,2026-08-16,MARC,Marc,B,MEDIA-ALTA (conversación personal)
PTT-20260814-WA0116.srt,MARC/Chat de WhatsApp con MARC/transcripts/PTT-20260814-WA0116.srt,SRT,635,2026-08-16,MARC,Marc,B,MEDIA-ALTA (conversación personal)
PTT-20260814-WA0116.tsv,MARC/Chat de WhatsApp con MARC/transcripts/PTT-20260814-WA0116.tsv,TSV,499,2026-08-16,MARC,Marc,B,MEDIA-ALTA (conversación personal)
PTT-20260814-WA0116.txt,MARC/Chat de WhatsApp con MARC/transcripts/PTT-20260814-WA0116.txt,Texto,419,2026-08-16,MARC,Marc,B,MEDIA-ALTA (conversación personal)
PTT-20260814-WA0116.vtt,MARC/Chat de WhatsApp con MARC/transcripts/PTT-20260814-WA0116.vtt,VTT,591,2026-08-16,MARC,Marc,B,MEDIA-ALTA (conversación personal)
PTT-20260814-WA0137.json,MARC/Chat de WhatsApp con MARC/transcripts/PTT-20260814-WA0137.json,Config,3041,2026-08-16,MARC,Marc,B,MEDIA-ALTA (conversación personal)
PTT-20260814-WA0137.srt,MARC/Chat de WhatsApp con MARC/transcripts/PTT-20260814-WA0137.srt,SRT,761,2026-08-16,MARC,Marc,B,MEDIA-ALTA (conversación personal)
PTT-20260814-WA0137.tsv,MARC/Chat de WhatsApp con MARC/transcripts/PTT-20260814-WA0137.tsv,TSV,701,2026-08-16,MARC,Marc,B,MEDIA-ALTA (conversación personal)
PTT-20260814-WA0137.txt,MARC/Chat de WhatsApp con MARC/transcripts/PTT-20260814-WA0137.txt,Texto,653,2026-08-16,MARC,Marc,B,MEDIA-ALTA (conversación personal)
PTT-20260814-WA0137.vtt,MARC/Chat de WhatsApp con MARC/transcripts/PTT-20260814-WA0137.vtt,VTT,744,2026-08-16,MARC,Marc,B,MEDIA-ALTA (conversación personal)
PTT-20260814-WA0170.json,MARC/Chat de WhatsApp con MARC/transcripts/PTT-20260814-WA0170.json,Config,3947,2026-08-16,MARC,Marc,B,MEDIA-ALTA (conversación personal)
PTT-20260814-WA0170.srt,MARC/Chat de WhatsApp con MARC/transcripts/PTT-20260814-WA0170.srt,SRT,873,2026-08-16,MARC,Marc,B,MEDIA-ALTA (conversación personal)
PTT-20260814-WA0170.tsv,MARC/Chat de WhatsApp con MARC/transcripts/PTT-20260814-WA0170.tsv,TSV,715,2026-08-16,MARC,Marc,B,MEDIA-ALTA (conversación personal)
PTT-20260814-WA0170.txt,MARC/Chat de WhatsApp con MARC/transcripts/PTT-20260814-WA0170.txt,Texto,621,2026-08-16,MARC,Marc,B,MEDIA-ALTA (conversación personal)
PTT-20260814-WA0170.vtt,MARC/Chat de WhatsApp con MARC/transcripts/PTT-20260814-WA0170.vtt,VTT,820,2026-08-16,MARC,Marc,B,MEDIA-ALTA (conversación personal)
PTT-20260814-WA0184.json,MARC/Chat de WhatsApp con MARC/transcripts/PTT-20260814-WA0184.json,Config,2624,2026-08-16,MARC,Marc,B,MEDIA-ALTA (conversación personal)
PTT-20260814-WA0184.srt,MARC/Chat de WhatsApp con MARC/transcripts/PTT-20260814-WA0184.srt,SRT,531,2026-08-16,MARC,Marc,B,MEDIA-ALTA (conversación personal)
PTT-20260814-WA0184.tsv,MARC/Chat de WhatsApp con MARC/transcripts/PTT-20260814-WA0184.tsv,TSV,371,2026-08-16,MARC,Marc,B,MEDIA-ALTA (conversación personal)
PTT-20260814-WA0184.txt,MARC/Chat de WhatsApp con MARC/transcripts/PTT-20260814-WA0184.txt,Texto,279,2026-08-16,MARC,Marc,B,MEDIA-ALTA (conversación personal)
PTT-20260814-WA0184.vtt,MARC/Chat de WhatsApp con MARC/transcripts/PTT-20260814-WA0184.vtt,VTT,478,2026-08-16,MARC,Marc,B,MEDIA-ALTA (conversación personal)
PTT-20260814-WA0188.json,MARC/Chat de WhatsApp con MARC/transcripts/PTT-20260814-WA0188.json,Config,352,2026-08-16,MARC,Marc,B,MEDIA-ALTA (conversación personal)
PTT-20260814-WA0188.srt,MARC/Chat de WhatsApp con MARC/transcripts/PTT-20260814-WA0188.srt,SRT,57,2026-08-16,MARC,Marc,B,MEDIA-ALTA (conversación personal)
PTT-20260814-WA0188.tsv,MARC/Chat de WhatsApp con MARC/transcripts/PTT-20260814-WA0188.tsv,TSV,44,2026-08-16,MARC,Marc,B,MEDIA-ALTA (conversación personal)
PTT-20260814-WA0188.txt,MARC/Chat de WhatsApp con MARC/transcripts/PTT-20260814-WA0188.txt,Texto,21,2026-08-16,MARC,Marc,B,MEDIA-ALTA (conversación personal)
PTT-20260814-WA0188.vtt,MARC/Chat de WhatsApp con MARC/transcripts/PTT-20260814-WA0188.vtt,VTT,58,2026-08-16,MARC,Marc,B,MEDIA-ALTA (conversación personal)
PTT-20260815-WA0071.json,MARC/Chat de WhatsApp con MARC/transcripts/PTT-20260815-WA0071.json,Config,1139,2026-08-16,MARC,Marc,B,MEDIA-ALTA (conversación personal)
PTT-20260815-WA0071.srt,MARC/Chat de WhatsApp con MARC/transcripts/PTT-20260815-WA0071.srt,SRT,255,2026-08-16,MARC,Marc,B,MEDIA-ALTA (conversación personal)
PTT-20260815-WA0071.tsv,MARC/Chat de WhatsApp con MARC/transcripts/PTT-20260815-WA0071.tsv,TSV,217,2026-08-16,MARC,Marc,B,MEDIA-ALTA (conversación personal)
PTT-20260815-WA0071.txt,MARC/Chat de WhatsApp con MARC/transcripts/PTT-20260815-WA0071.txt,Texto,183,2026-08-16,MARC,Marc,B,MEDIA-ALTA (conversación personal)
PTT-20260815-WA0071.vtt,MARC/Chat de WhatsApp con MARC/transcripts/PTT-20260815-WA0071.vtt,VTT,247,2026-08-16,MARC,Marc,B,MEDIA-ALTA (conversación personal)
PTT-20260815-WA0073.json,MARC/Chat de WhatsApp con MARC/transcripts/PTT-20260815-WA0073.json,Config,784,2026-08-16,MARC,Marc,B,MEDIA-ALTA (conversación personal)
PTT-20260815-WA0073.srt,MARC/Chat de WhatsApp con MARC/transcripts/PTT-20260815-WA0073.srt,SRT,178,2026-08-16,MARC,Marc,B,MEDIA-ALTA (conversación personal)
PTT-20260815-WA0073.tsv,MARC/Chat de WhatsApp con MARC/transcripts/PTT-20260815-WA0073.tsv,TSV,166,2026-08-16,MARC,Marc,B,MEDIA-ALTA (conversación personal)
PTT-20260815-WA0073.txt,MARC/Chat de WhatsApp con MARC/transcripts/PTT-20260815-WA0073.txt,Texto,142,2026-08-16,MARC,Marc,B,MEDIA-ALTA (conversación personal)
PTT-20260815-WA0073.vtt,MARC/Chat de WhatsApp con MARC/transcripts/PTT-20260815-WA0073.vtt,VTT,179,2026-08-16,MARC,Marc,B,MEDIA-ALTA (conversación personal)
PTT-20260815-WA0074.json,MARC/Chat de WhatsApp con MARC/transcripts/PTT-20260815-WA0074.json,Config,1193,2026-08-16,MARC,Marc,B,MEDIA-ALTA (conversación personal)
PTT-20260815-WA0074.srt,MARC/Chat de WhatsApp con MARC/transcripts/PTT-20260815-WA0074.srt,SRT,267,2026-08-16,MARC,Marc,B,MEDIA-ALTA (conversación personal)
PTT-20260815-WA0074.tsv,MARC/Chat de WhatsApp con MARC/transcripts/PTT-20260815-WA0074.tsv,TSV,229,2026-08-16,MARC,Marc,B,MEDIA-ALTA (conversación personal)
PTT-20260815-WA0074.txt,MARC/Chat de WhatsApp con MARC/transcripts/PTT-20260815-WA0074.txt,Texto,195,2026-08-16,MARC,Marc,B,MEDIA-ALTA (conversación personal)
PTT-20260815-WA0074.vtt,MARC/Chat de WhatsApp con MARC/transcripts/PTT-20260815-WA0074.vtt,VTT,259,2026-08-16,MARC,Marc,B,MEDIA-ALTA (conversación personal)
PTT-20260815-WA0077.json,MARC/Chat de WhatsApp con MARC/transcripts/PTT-20260815-WA0077.json,Config,893,2026-08-16,MARC,Marc,B,MEDIA-ALTA (conversación personal)
PTT-20260815-WA0077.srt,MARC/Chat de WhatsApp con MARC/transcripts/PTT-20260815-WA0077.srt,SRT,180,2026-08-16,MARC,Marc,B,MEDIA-ALTA (conversación personal)
PTT-20260815-WA0077.tsv,MARC/Chat de WhatsApp con MARC/transcripts/PTT-20260815-WA0077.tsv,TSV,142,2026-08-16,MARC,Marc,B,MEDIA-ALTA (conversación personal)
PTT-20260815-WA0077.txt,MARC/Chat de WhatsApp con MARC/transcripts/PTT-20260815-WA0077.txt,Texto,108,2026-08-16,MARC,Marc,B,MEDIA-ALTA (conversación personal)
PTT-20260815-WA0077.vtt,MARC/Chat de WhatsApp con MARC/transcripts/PTT-20260815-WA0077.vtt,VTT,172,2026-08-16,MARC,Marc,B,MEDIA-ALTA (conversación personal)
PTT-20260804-WA0123.wav,MARC/Chat de WhatsApp con MARC/wav/PTT-20260804-WA0123.wav,Audio WAV,1828990,2026-08-16,MARC,Marc,B,MEDIA-ALTA (conversación personal)
PTT-20260804-WA0124.wav,MARC/Chat de WhatsApp con MARC/wav/PTT-20260804-WA0124.wav,Audio WAV,5016830,2026-08-16,MARC,Marc,B,MEDIA-ALTA (conversación personal)
PTT-20260804-WA0125.wav,MARC/Chat de WhatsApp con MARC/wav/PTT-20260804-WA0125.wav,Audio WAV,12776190,2026-08-16,MARC,Marc,B,MEDIA-ALTA (conversación personal)
PTT-20260804-WA0126.wav,MARC/Chat de WhatsApp con MARC/wav/PTT-20260804-WA0126.wav,Audio WAV,3828350,2026-08-16,MARC,Marc,B,MEDIA-ALTA (conversación personal)
PTT-20260804-WA0133.wav,MARC/Chat de WhatsApp con MARC/wav/PTT-20260804-WA0133.wav,Audio WAV,5375870,2026-08-16,MARC,Marc,B,MEDIA-ALTA (conversación personal)
PTT-20260805-WA0005.wav,MARC/Chat de WhatsApp con MARC/wav/PTT-20260805-WA0005.wav,Audio WAV,4515710,2026-08-16,MARC,Marc,B,MEDIA-ALTA (conversación personal)
PTT-20260807-WA0000.wav,MARC/Chat de WhatsApp con MARC/wav/PTT-20260807-WA0000.wav,Audio WAV,3613950,2026-08-16,MARC,Marc,B,MEDIA-ALTA (conversación personal)
PTT-20260807-WA0004.wav,MARC/Chat de WhatsApp con MARC/wav/PTT-20260807-WA0004.wav,Audio WAV,3356670,2026-08-16,MARC,Marc,B,MEDIA-ALTA (conversación personal)
PTT-20260807-WA0081.wav,MARC/Chat de WhatsApp con MARC/wav/PTT-20260807-WA0081.wav,Audio WAV,1329150,2026-08-16,MARC,Marc,B,MEDIA-ALTA (conversación personal)
PTT-20260810-WA0060.wav,MARC/Chat de WhatsApp con MARC/wav/PTT-20260810-WA0060.wav,Audio WAV,164350,2026-08-16,MARC,Marc,B,MEDIA-ALTA (conversación personal)
PTT-20260810-WA0081.wav,MARC/Chat de WhatsApp con MARC/wav/PTT-20260810-WA0081.wav,Audio WAV,2199550,2026-08-16,MARC,Marc,B,MEDIA-ALTA (conversación personal)
PTT-20260810-WA0082.wav,MARC/Chat de WhatsApp con MARC/wav/PTT-20260810-WA0082.wav,Audio WAV,229630,2026-08-16,MARC,Marc,B,MEDIA-ALTA (conversación personal)
PTT-20260810-WA0083.wav,MARC/Chat de WhatsApp con MARC/wav/PTT-20260810-WA0083.wav,Audio WAV,399230,2026-08-16,MARC,Marc,B,MEDIA-ALTA (conversación personal)
PTT-20260814-WA0077.wav,MARC/Chat de WhatsApp con MARC/wav/PTT-20260814-WA0077.wav,Audio WAV,758270,2026-08-16,MARC,Marc,B,MEDIA-ALTA (conversación personal)
PTT-20260814-WA0111.wav,MARC/Chat de WhatsApp con MARC/wav/PTT-20260814-WA0111.wav,Audio WAV,1877630,2026-08-16,MARC,Marc,B,MEDIA-ALTA (conversación personal)
PTT-20260814-WA0112.wav,MARC/Chat de WhatsApp con MARC/wav/PTT-20260814-WA0112.wav,Audio WAV,710270,2026-08-16,MARC,Marc,B,MEDIA-ALTA (conversación personal)
PTT-20260814-WA0114.wav,MARC/Chat de WhatsApp con MARC/wav/PTT-20260814-WA0114.wav,Audio WAV,528510,2026-08-16,MARC,Marc,B,MEDIA-ALTA (conversación personal)
PTT-20260814-WA0115.wav,MARC/Chat de WhatsApp con MARC/wav/PTT-20260814-WA0115.wav,Audio WAV,270590,2026-08-16,MARC,Marc,B,MEDIA-ALTA (conversación personal)
PTT-20260814-WA0116.wav,MARC/Chat de WhatsApp con MARC/wav/PTT-20260814-WA0116.wav,Audio WAV,717310,2026-08-16,MARC,Marc,B,MEDIA-ALTA (conversación personal)
PTT-20260814-WA0137.wav,MARC/Chat de WhatsApp con MARC/wav/PTT-20260814-WA0137.wav,Audio WAV,1661310,2026-08-16,MARC,Marc,B,MEDIA-ALTA (conversación personal)
PTT-20260814-WA0170.wav,MARC/Chat de WhatsApp con MARC/wav/PTT-20260814-WA0170.wav,Audio WAV,1406590,2026-08-16,MARC,Marc,B,MEDIA-ALTA (conversación personal)
PTT-20260814-WA0184.wav,MARC/Chat de WhatsApp con MARC/wav/PTT-20260814-WA0184.wav,Audio WAV,961150,2026-08-16,MARC,Marc,B,MEDIA-ALTA (conversación personal)
PTT-20260814-WA0188.wav,MARC/Chat de WhatsApp con MARC/wav/PTT-20260814-WA0188.wav,Audio WAV,72190,2026-08-16,MARC,Marc,B,MEDIA-ALTA (conversación personal)
PTT-20260815-WA0071.wav,MARC/Chat de WhatsApp con MARC/wav/PTT-20260815-WA0071.wav,Audio WAV,529790,2026-08-16,MARC,Marc,B,MEDIA-ALTA (conversación personal)
PTT-20260815-WA0073.wav,MARC/Chat de WhatsApp con MARC/wav/PTT-20260815-WA0073.wav,Audio WAV,324350,2026-08-16,MARC,Marc,B,MEDIA-ALTA (conversación personal)
PTT-20260815-WA0074.wav,MARC/Chat de WhatsApp con MARC/wav/PTT-20260815-WA0074.wav,Audio WAV,534910,2026-08-16,MARC,Marc,B,MEDIA-ALTA (conversación personal)
PTT-20260815-WA0077.wav,MARC/Chat de WhatsApp con MARC/wav/PTT-20260815-WA0077.wav,Audio WAV,289150,2026-08-16,MARC,Marc,B,MEDIA-ALTA (conversación personal)
MARC_1_MINUTO.md,MARC/MARC_1_MINUTO.md,Markdown,675,2026-08-15,MARC,Marc,D,BAJA
MARC_DOCUMENTO_ALINEACION.md,MARC/MARC_DOCUMENTO_ALINEACION.md,Markdown,1783,2026-08-15,MARC,Marc,D,BAJA
MARC_REUNION_BRIEF.md,MARC/MARC_REUNION_BRIEF.md,Markdown,4406,2026-08-15,MARC,Marc,D,BAJA
TEST-TOKENROUTER.md,MARC/TEST-TOKENROUTER.md,Markdown,1654,2026-08-16,MARC,Marc,D,BAJA
TOKENROUTER-VSCODE-SETUP-REPORT.md,MARC/TOKENROUTER-VSCODE-SETUP-REPORT.md,Markdown,4065,2026-08-16,MARC,Marc,D,BAJA
MANIFIESTO_WORKSPACE.md,MARC_Proyecto_Entrega_2026/00_INDEX/MANIFIESTO_WORKSPACE.md,Markdown,1701,2026-08-18,MARC,Marc,D,BAJA
Doc2_Plan_Operativo_Marc.md,MARC_Proyecto_Entrega_2026/01_OFICIAL/OPERACION/Doc2_Plan_Operativo_Marc.md,Markdown,12195,2026-08-18,MARC,Marc,A,MEDIA
Doc3_Contexto_Escala_Marc.md,MARC_Proyecto_Entrega_2026/02_CONTEXTO/NEGOCIO/Doc3_Contexto_Escala_Marc.md,Markdown,7420,2026-08-18,MARC,Marc,A,MEDIA
Doc1_Informe_Sesion_Marc.md,MARC_Proyecto_Entrega_2026/04_AUDITORIAS/Doc1_Informe_Sesion_Marc.md,Markdown,8516,2026-08-18,MARC,Marc,A,MEDIA
ENTREGA_MENSAJE_1.md,MARC_Proyecto_Entrega_2026/06_PROMPTS/ENTREGA_MENSAJE_1.md,Markdown,516,2026-08-18,MARC,Marc,D,BAJA
ENTREGA_MENSAJE_2.md,MARC_Proyecto_Entrega_2026/06_PROMPTS/ENTREGA_MENSAJE_2.md,Markdown,506,2026-08-18,MARC,Marc,D,BAJA
ENTREGA_MENSAJE_3.md,MARC_Proyecto_Entrega_2026/06_PROMPTS/ENTREGA_MENSAJE_3.md,Markdown,446,2026-08-18,MARC,Marc,D,BAJA
CV_SEBASTIAN.txt,MARC_Proyecto_Entrega_2026/09_REFERENCIA/CV_SEBASTIAN.txt,Texto,2247,2026-08-18,MARC,Marc,A,ALTA (contractual/personal)
