sha256_corto;bytes;copias;rutas
f8c506095336;9944046;2;MARC\22_LEAD_MAGNET_EBOOK\LA LOCA EN TU CABEZA\PORTADA EBOOK - GENERADOR DE BEST SELLERS 3 (1).pdf | MARC\22_LEAD_MAGNET_EBOOK\LA LOCA EN TU CABEZA\PORTADA EBOOK - GENERADOR DE BEST SELLERS 3.pdf
ccaaea04564c;8857434;2;MARC\20_PRODUCTO_DESPIERTA\05_WEBINAR\Método.pptx | MARC\28_PRESENTACION\Presentacion_Marc_Drive_2026-09-05.pptx
b4ea142ccda0;3630917;2;MARC\22_LEAD_MAGNET_EBOOK\LA LOCA EN TU CABEZA\MOCK UP - GENERADOR DE BEST SELLERS 3 (1).pdf | MARC\22_LEAD_MAGNET_EBOOK\LA LOCA EN TU CABEZA\MOCK UP - GENERADOR DE BEST SELLERS 3.pdf
1eb88d1bc927;3497852;2;ARCHIVO_DOCUMENTAL\06_ARCHIVO_HISTORICO\ACADEMICO_LEGACY_2026-08-28\Videos\Little Richard Tutti Frutti lyrics.mp3 | ARCHIVO_DOCUMENTAL\06_ARCHIVO_HISTORICO\ACADEMICO_LEGACY_2026-08-28\Videos\Little Richard Tutti Frutti lyrics[1].mp3
77b0ff4d4267;3459605;2;ARCHIVO_DOCUMENTAL\06_ARCHIVO_HISTORICO\ACADEMICO_LEGACY_2026-08-28\Videos\Little Richard   Tutti Frutti[1].mp3 | ARCHIVO_DOCUMENTAL\06_ARCHIVO_HISTORICO\ACADEMICO_LEGACY_2026-08-28\Videos\Little Richard   Tutti Frutti[2].mp3
e2c855c4730e;3006959;2;ARCHIVO_DOCUMENTAL\06_ARCHIVO_HISTORICO\ACADEMICO_LEGACY_2026-08-28\Videos\Little Richard, Tutti Frutti.mp3 | ARCHIVO_DOCUMENTAL\06_ARCHIVO_HISTORICO\ACADEMICO_LEGACY_2026-08-28\Videos\Little Richard, Tutti Frutti[1].mp3
a9ce709ea5a2;1182466;2;MARC\Chat de WhatsApp con MARC (ÚLTIMO EL MÁS RECIENTE)\Chat de WhatsApp con Marc Souza Gil\INFORME - IMPODERATE.pdf | MARC\Chat de WhatsApp con MARC\INFORME - IMPODERATE.pdf
92d67548a076;946276;2;MARC\Chat de WhatsApp con MARC (ÚLTIMO EL MÁS RECIENTE)\Chat de WhatsApp con Marc Souza Gil\PTT-20260804-WA0125.opus | MARC\Chat de WhatsApp con MARC\PTT-20260804-WA0125.opus
d803c4991f44;777959;2;00_CONTROL\.ig-profile\Default\Cache\Cache_Data\f_0001bd | 00_CONTROL\.ig-profile\Default\Cache\Cache_Data\f_0001c6
bd974c9acfd7;765555;2;ARCHIVO_DOCUMENTAL\06_ARCHIVO_HISTORICO\ACADEMICO_LEGACY_2026-08-28\Admción.-Exposic\La sinceridad.pptx | ARCHIVO_DOCUMENTAL\06_ARCHIVO_HISTORICO\ACADEMICO_LEGACY_2026-08-28\Evaluaciones\La sinceridad.pptx
f50e9a8c933d;620167;2;00_CONTROL\.ig-profile\Default\Cache\Cache_Data\f_000164 | 00_CONTROL\.ig-profile\Default\Cache\Cache_Data\f_0001ab
c74f8a900e2b;581038;2;00_CONTROL\.ig-profile\Default\Cache\Cache_Data\f_0000b6 | 00_CONTROL\.ig-profile\Default\Cache\Cache_Data\f_000111
0e9a4c2317df;571180;2;MARC\22_LEAD_MAGNET_EBOOK\LA LOCA EN TU CABEZA\✅ La Loca en Tu Cabeza.pdf | MARC\WEB_DESPIERTA\La_Loca_en_Tu_Cabeza.pdf
1e2638181ef6;253508;4;00_CONTROL\.ig-profile\Default\Cache\Cache_Data\f_000069 | 00_CONTROL\.ig-profile\Default\Cache\Cache_Data\f_000082 | 00_CONTROL\.ig-profile\Default\Cache\Cache_Data\f_000152 | 00_CONTROL\.ig-profile\Default\Cache\Cache_Data\f_0001d2
23ee55900fa0;504925;2;00_CONTROL\.ig-profile\Default\Cache\Cache_Data\f_0000b8 | 00_CONTROL\.ig-profile\Default\Cache\Cache_Data\f_00010c
6d73c33b6589;460395;2;00_CONTROL\.ig-profile\Default\Cache\Cache_Data\f_0000b0 | 00_CONTROL\.ig-profile\Default\Cache\Cache_Data\f_00010a
d7843c3e3dbc;437762;2;MARC\Chat de WhatsApp con MARC (ÚLTIMO EL MÁS RECIENTE)\Chat de WhatsApp con Marc Souza Gil\CVREDES.pdf | MARC\Chat de WhatsApp con MARC\CVREDES.pdf
818dbcc1d20f;433746;2;00_CONTROL\.ig-profile\Default\Cache\Cache_Data\f_0000af | 00_CONTROL\.ig-profile\Default\Cache\Cache_Data\f_000108
304a08b7fdb0;398655;2;MARC\Chat de WhatsApp con MARC (ÚLTIMO EL MÁS RECIENTE)\Chat de WhatsApp con Marc Souza Gil\PTT-20260804-WA0133.opus | MARC\Chat de WhatsApp con MARC\PTT-20260804-WA0133.opus
3b317ea6c1bf;383104;2;MARC\Chat de WhatsApp con MARC (ÚLTIMO EL MÁS RECIENTE)\Chat de WhatsApp con Marc Souza Gil\IMG-20260814-WA0013.jpg | MARC\Chat de WhatsApp con MARC\IMG-20260814-WA0013.jpg
5c133ede305b;371761;2;MARC\Chat de WhatsApp con MARC (ÚLTIMO EL MÁS RECIENTE)\Chat de WhatsApp con Marc Souza Gil\PTT-20260804-WA0124.opus | MARC\Chat de WhatsApp con MARC\PTT-20260804-WA0124.opus
4ff4d95505b6;354092;2;00_CONTROL\.ig-profile\Default\Cache\Cache_Data\f_00001c | 00_CONTROL\.ig-profile\Default\Cache\Cache_Data\f_00001e
43cce4b3fae5;335631;2;MARC\Chat de WhatsApp con MARC (ÚLTIMO EL MÁS RECIENTE)\Chat de WhatsApp con Marc Souza Gil\PTT-20260805-WA0005.opus | MARC\Chat de WhatsApp con MARC\PTT-20260805-WA0005.opus
91e838720c87;283897;2;MARC\Chat de WhatsApp con MARC (ÚLTIMO EL MÁS RECIENTE)\Chat de WhatsApp con Marc Souza Gil\PTT-20260804-WA0126.opus | MARC\Chat de WhatsApp con MARC\PTT-20260804-WA0126.opus
9d4303331619;188291;3;MARC\1 DÍA 04-05-2026\Doc2_Plan_Operativo_Marc_04-05-26.pdf | MARC\Chat de WhatsApp con MARC (ÚLTIMO EL MÁS RECIENTE)\Chat de WhatsApp con Marc Souza Gil\Doc2_Plan_Operativo_Marc_04-05-26.pdf | MARC\Chat de WhatsApp con MARC\Doc2_Plan_Operativo_Marc_04-05-26.pdf
b88b974e6888;135130;4;MARC\01_Contexto_Alineacion\Doc3_Contexto_Escala_Marc.pdf | MARC\1 DÍA 04-05-2026\Doc3_Contexto_Escala_Marc_04-05-26.pdf | MARC\Chat de WhatsApp con MARC (ÚLTIMO EL MÁS RECIENTE)\Chat de WhatsApp con Marc Souza Gil\Doc3_Contexto_Escala_Marc.pdf | MARC\Chat de WhatsApp con MARC\Doc3_Contexto_Escala_Marc.pdf
4b1bfdfb8a1c;177637;3;00_CONTROL\.ig-profile\Default\Cache\Cache_Data\f_000067 | 00_CONTROL\.ig-profile\Default\Cache\Cache_Data\f_000081 | 00_CONTROL\.ig-profile\Default\Cache\Cache_Data\f_000151
1bb37afcecd8;265969;2;MARC\Chat de WhatsApp con MARC (ÚLTIMO EL MÁS RECIENTE)\Chat de WhatsApp con Marc Souza Gil\PTT-20260807-WA0000.opus | MARC\Chat de WhatsApp con MARC\PTT-20260807-WA0000.opus
e0c00750cd41;248418;2;MARC\Chat de WhatsApp con MARC (ÚLTIMO EL MÁS RECIENTE)\Chat de WhatsApp con Marc Souza Gil\PTT-20260807-WA0004.opus | MARC\Chat de WhatsApp con MARC\PTT-20260807-WA0004.opus
102c08807f6e;98182;5;MARC\02_Informes_Sesiones\INFORME_SESION INICIAL_04-08-2026-1.pdf | MARC\02_Informes_Sesiones\INFORME_SESION INICIAL_04-08-2026.pdf | MARC\1 DÍA 04-05-2026\Doc1_Informe_Sesion_Marc_04-05-26.pdf | MARC\Chat de WhatsApp con MARC (ÚLTIMO EL MÁS RECIENTE)\Chat de WhatsApp con Marc Souza Gil\Doc1_Informe_Sesion_Marc_04-05-26.pdf | MARC\Chat de WhatsApp con MARC\Doc1_Informe_Sesion_Marc_04-05-26.pdf
d55acf4fcf35;153108;3;00_CONTROL\.ig-profile\Default\Cache\Cache_Data\f_000166 | 00_CONTROL\.ig-profile\Default\Cache\Cache_Data\f_0001bb | 00_CONTROL\.ig-profile\Default\Cache\Cache_Data\f_0001d1
d3f7a055ea21;218490;2;MARC\Chat de WhatsApp con MARC (ÚLTIMO EL MÁS RECIENTE)\Chat de WhatsApp con Marc Souza Gil\IMG-20260814-WA0011.jpg | MARC\Chat de WhatsApp con MARC\IMG-20260814-WA0011.jpg
ed102e5e966e;217401;2;00_CONTROL\.ig-profile\Default\Cache\Cache_Data\f_00000a | 00_CONTROL\.ig-profile\Default\Cache\Cache_Data\f_000037
b58f011ffba4;213646;2;MARC\Chat de WhatsApp con MARC (ÚLTIMO EL MÁS RECIENTE)\Chat de WhatsApp con Marc Souza Gil\IMG-20260814-WA0014.jpg | MARC\Chat de WhatsApp con MARC\IMG-20260814-WA0014.jpg
3da1db12bf16;132692;3;03_ESCALA\DOCUMENTACION_ENTREGADA\5.0 IE6 - Contrato de prestación de servicios y garantía de resultados.pdf | MARC\Chat de WhatsApp con MARC (ÚLTIMO EL MÁS RECIENTE)\Chat de WhatsApp con Marc Souza Gil\5.0 IE6 - Contrato de prestación de servicios y garantía de resultados.pdf | MARC\Chat de WhatsApp con MARC\5.0 IE6 - Contrato de prestación de servicios y garantía de resultados.pdf
326f35c348c8;198677;2;MARC\Chat de WhatsApp con MARC (ÚLTIMO EL MÁS RECIENTE)\Chat de WhatsApp con Marc Souza Gil\IMG-20260814-WA0016.jpg | MARC\Chat de WhatsApp con MARC\IMG-20260814-WA0016.jpg
364efc542f43;127175;3;00_CONTROL\.ig-profile\Default\Cache\Cache_Data\f_000068 | 00_CONTROL\.ig-profile\Default\Cache\Cache_Data\f_00007c | 00_CONTROL\.ig-profile\Default\Cache\Cache_Data\f_00014f
0dce730051c3;183220;2;00_CONTROL\.ig-profile\Default\Cache\Cache_Data\f_00000e | 00_CONTROL\.ig-profile\Default\Cache\Cache_Data\f_00008b
3fe819d6c1f6;181480;2;MARC\Chat de WhatsApp con MARC (ÚLTIMO EL MÁS RECIENTE)\Chat de WhatsApp con Marc Souza Gil\IMG-20260814-WA0070.jpg | MARC\Chat de WhatsApp con MARC\IMG-20260814-WA0070.jpg
7093a8e0e8d7;114203;3;00_CONTROL\.ig-profile\Default\Cache\Cache_Data\f_0001aa | 00_CONTROL\.ig-profile\Default\Cache\Cache_Data\f_0001b6 | 00_CONTROL\.ig-profile\Default\Cache\Cache_Data\f_0001d0
c63e9a98a9bb;159143;2;MARC\Chat de WhatsApp con MARC (ÚLTIMO EL MÁS RECIENTE)\Chat de WhatsApp con Marc Souza Gil\PTT-20260810-WA0081.opus | MARC\Chat de WhatsApp con MARC\PTT-20260810-WA0081.opus
cc6c4e202f24;157984;2;00_CONTROL\.ig-profile\Default\Cache\Cache_Data\f_000165 | 00_CONTROL\.ig-profile\Default\Cache\Cache_Data\f_0001c0
01e779ea0e48;155058;2;MARC\Chat de WhatsApp con MARC (ÚLTIMO EL MÁS RECIENTE)\Chat de WhatsApp con Marc Souza Gil\IMG-20260805-WA0001.jpg | MARC\Chat de WhatsApp con MARC\IMG-20260805-WA0001.jpg
0e491d9a8c33;59426;5;00_CONTROL\.ig-profile\Default\Cache\Cache_Data\f_000064 | 00_CONTROL\.ig-profile\Default\Cache\Cache_Data\f_000065 | 00_CONTROL\.ig-profile\Default\Cache\Cache_Data\f_00007b | 00_CONTROL\.ig-profile\Default\Cache\Cache_Data\f_00009f | 00_CONTROL\.ig-profile\Default\Cache\Cache_Data\f_00014b
0d5b629c9038;142173;2;MARC\Chat de WhatsApp con MARC (ÚLTIMO EL MÁS RECIENTE)\Chat de WhatsApp con Marc Souza Gil\IMG-20260814-WA0012.jpg | MARC\Chat de WhatsApp con MARC\IMG-20260814-WA0012.jpg
e9bf2396a3ef;138693;2;MARC\Chat de WhatsApp con MARC (ÚLTIMO EL MÁS RECIENTE)\Chat de WhatsApp con Marc Souza Gil\IMG-20260724-WA0190.jpg | MARC\Chat de WhatsApp con MARC\IMG-20260724-WA0190.jpg
3da9c34f9737;90142;3;00_CONTROL\.ig-profile\Default\Cache\Cache_Data\f_000066 | 00_CONTROL\.ig-profile\Default\Cache\Cache_Data\f_000080 | 00_CONTROL\.ig-profile\Default\Cache\Cache_Data\f_000150
e47a08151395;134559;2;MARC\Chat de WhatsApp con MARC (ÚLTIMO EL MÁS RECIENTE)\Chat de WhatsApp con Marc Souza Gil\PTT-20260804-WA0123.opus | MARC\Chat de WhatsApp con MARC\PTT-20260804-WA0123.opus
f96629efe176;128935;2;MARC\Chat de WhatsApp con MARC (ÚLTIMO EL MÁS RECIENTE)\Chat de WhatsApp con Marc Souza Gil\IMG-20260814-WA0071.jpg | MARC\Chat de WhatsApp con MARC\IMG-20260814-WA0071.jpg
4136a9439ff0;127083;2;MARC\Chat de WhatsApp con MARC (ÚLTIMO EL MÁS RECIENTE)\Chat de WhatsApp con Marc Souza Gil\IMG-20260814-WA0015.jpg | MARC\Chat de WhatsApp con MARC\IMG-20260814-WA0015.jpg
5062df99e93f;121948;2;MARC\Chat de WhatsApp con MARC (ÚLTIMO EL MÁS RECIENTE)\Chat de WhatsApp con Marc Souza Gil\PTT-20260814-WA0137.opus | MARC\Chat de WhatsApp con MARC\PTT-20260814-WA0137.opus
406c8737027e;120219;2;MARC\Chat de WhatsApp con MARC (ÚLTIMO EL MÁS RECIENTE)\Chat de WhatsApp con Marc Souza Gil\PTT-20260814-WA0111.opus | MARC\Chat de WhatsApp con MARC\PTT-20260814-WA0111.opus
50ce558a2b8c;77953;3;00_CONTROL\.ig-profile\Default\Cache\Cache_Data\f_000002 | 00_CONTROL\.ig-profile\Default\Cache\Cache_Data\f_000045 | 00_CONTROL\.ig-profile\Default\Cache\Cache_Data\f_000084
fcc21023f6c0;102168;2;MARC\Chat de WhatsApp con MARC (ÚLTIMO EL MÁS RECIENTE)\Chat de WhatsApp con Marc Souza Gil\PTT-20260814-WA0170.opus | MARC\Chat de WhatsApp con MARC\PTT-20260814-WA0170.opus
cbca265ff243;96585;2;MARC\Chat de WhatsApp con MARC (ÚLTIMO EL MÁS RECIENTE)\Chat de WhatsApp con Marc Souza Gil\PTT-20260807-WA0081.opus | MARC\Chat de WhatsApp con MARC\PTT-20260807-WA0081.opus
7cc7e41d32cf;70989;2;MARC\Chat de WhatsApp con MARC (ÚLTIMO EL MÁS RECIENTE)\Chat de WhatsApp con Marc Souza Gil\IMG-20260814-WA0072.jpg | MARC\Chat de WhatsApp con MARC\IMG-20260814-WA0072.jpg
421cd44ca307;69718;2;MARC\Chat de WhatsApp con MARC (ÚLTIMO EL MÁS RECIENTE)\Chat de WhatsApp con Marc Souza Gil\PTT-20260814-WA0184.opus | MARC\Chat de WhatsApp con MARC\PTT-20260814-WA0184.opus
e533c19c77f2;69196;2;MARC\04_Instagram\ASSETS\QR_MARCSOUZA7.png | MARC\WEB_DESPIERTA\assets\QR_MARCSOUZA7.png
439b0ac6e7d7;66300;2;00_CONTROL\.ig-profile\Default\Cache\Cache_Data\f_000114 | 00_CONTROL\.ig-profile\Default\Cache\Cache_Data\f_000116
93ea996e94f1;42995;3;00_CONTROL\.ig-profile\alkblaadjjijngaehljijdimckobegga\1.0.2513\3c2f7832-eeea-4d37-a587-1564c0956cc9\bb32ac2a-7cda-43a1-91b8-dc74f1fc1c3c.png | 00_CONTROL\.ig-profile\alkblaadjjijngaehljijdimckobegga\1.0.2513\412e2691-d708-4558-9b1a-269f681564ac\c49acceb-04cb-48ba-86c4-74f42a1a1b8f.png | 00_CONTROL\.ig-profile\alkblaadjjijngaehljijdimckobegga\1.0.2513\4ba7cac3-3a7f-4634-b868-ca6da5683dca\15bfeb20-7da3-4340-9a8d-88b4dfc12db9.png
5e5d17782dfb;63541;2;00_CONTROL\.ig-profile\Default\Cache\Cache_Data\f_0000ca | 00_CONTROL\.ig-profile\Default\Cache\Cache_Data\f_0000d8
dd8c942a3b0a;60656;2;MARC\Chat de WhatsApp con MARC (ÚLTIMO EL MÁS RECIENTE)\Chat de WhatsApp con Marc Souza Gil\IMG-20260814-WA0073.jpg | MARC\Chat de WhatsApp con MARC\IMG-20260814-WA0073.jpg
c8ae56ccc5b2;55035;2;MARC\Chat de WhatsApp con MARC (ÚLTIMO EL MÁS RECIENTE)\Chat de WhatsApp con Marc Souza Gil\PTT-20260814-WA0077.opus | MARC\Chat de WhatsApp con MARC\PTT-20260814-WA0077.opus
d4b4c4c712c0;53716;2;MARC\Chat de WhatsApp con MARC (ÚLTIMO EL MÁS RECIENTE)\Chat de WhatsApp con Marc Souza Gil\DOC-20260812-WA0062.docx | MARC\Chat de WhatsApp con MARC\DOC-20260812-WA0062.docx
a71211ac928c;53692;2;00_CONTROL\.ig-profile\Default\Cache\Cache_Data\f_0000c9 | 00_CONTROL\.ig-profile\Default\Cache\Cache_Data\f_0000d7
251c67e6ea4c;53077;2;MARC\Chat de WhatsApp con MARC (ÚLTIMO EL MÁS RECIENTE)\Chat de WhatsApp con Marc Souza Gil\PTT-20260814-WA0116.opus | MARC\Chat de WhatsApp con MARC\PTT-20260814-WA0116.opus
4ab21551e87e;52790;2;MARC\Chat de WhatsApp con MARC (ÚLTIMO EL MÁS RECIENTE)\Chat de WhatsApp con Marc Souza Gil\IMG-20260812-WA0122.jpg | MARC\Chat de WhatsApp con MARC\IMG-20260812-WA0122.jpg
d86a934e7265;50565;2;MARC\Chat de WhatsApp con MARC (ÚLTIMO EL MÁS RECIENTE)\Chat de WhatsApp con Marc Souza Gil\DOC-20260812-WA0125.docx | MARC\Chat de WhatsApp con MARC\DOC-20260812-WA0125.docx
5848a513daf3;46869;2;MARC\Chat de WhatsApp con MARC (ÚLTIMO EL MÁS RECIENTE)\Chat de WhatsApp con Marc Souza Gil\PTT-20260814-WA0112.opus | MARC\Chat de WhatsApp con MARC\PTT-20260814-WA0112.opus
6dc0d356668d;42630;2;00_CONTROL\.ig-profile\Default\Cache\Cache_Data\f_0000c7 | 00_CONTROL\.ig-profile\Default\Cache\Cache_Data\f_0000d5
20b535fa80c8;40128;2;00_CONTROL\.ig-profile\Default\Cache\Cache_Data\f_00001f | 00_CONTROL\.ig-profile\Default\Cache\Cache_Data\f_0000ba
3564fd545c11;39581;2;MARC\Chat de WhatsApp con MARC (ÚLTIMO EL MÁS RECIENTE)\Chat de WhatsApp con Marc Souza Gil\PTT-20260815-WA0074.opus | MARC\Chat de WhatsApp con MARC\PTT-20260815-WA0074.opus
1e445b50b77a;38878;2;MARC\Chat de WhatsApp con MARC (ÚLTIMO EL MÁS RECIENTE)\Chat de WhatsApp con Marc Souza Gil\PTT-20260814-WA0114.opus | MARC\Chat de WhatsApp con MARC\PTT-20260814-WA0114.opus
96857f641de6;36154;2;MARC\Chat de WhatsApp con MARC (ÚLTIMO EL MÁS RECIENTE)\Chat de WhatsApp con Marc Souza Gil\PTT-20260815-WA0071.opus | MARC\Chat de WhatsApp con MARC\PTT-20260815-WA0071.opus
6f29520c64b5;35628;2;00_CONTROL\.ig-profile\Default\Cache\Cache_Data\f_000007 | 00_CONTROL\.ig-profile\Default\Cache\Cache_Data\f_000096
2d50f8128f68;32097;2;00_CONTROL\.ig-profile\Default\Cache\Cache_Data\f_00000f | 00_CONTROL\.ig-profile\Default\Cache\Cache_Data\f_00004c
f3e406f0c646;30990;2;00_CONTROL\.ig-profile\Default\Cache\Cache_Data\f_000012 | 00_CONTROL\.ig-profile\Default\Cache\Cache_Data\f_0001cc
a11075407b22;29228;2;MARC\Chat de WhatsApp con MARC (ÚLTIMO EL MÁS RECIENTE)\Chat de WhatsApp con Marc Souza Gil\PTT-20260810-WA0083.opus | MARC\Chat de WhatsApp con MARC\PTT-20260810-WA0083.opus
1bd235d9d331;27446;2;00_CONTROL\.ig-profile\Default\Cache\Cache_Data\f_000010 | 00_CONTROL\.ig-profile\Default\Cache\Cache_Data\f_00004d
70d7c37ac81a;26057;2;MARC\23_ESTRATEGIA_NEGOCIO\01_ANALISIS_IA\Analisis App GEMINI.pdf | MARC\Chat de WhatsApp con MARC (ÚLTIMO EL MÁS RECIENTE)\Chat de WhatsApp con Marc Souza Gil\Analisis App GEMINI.pdf
60cf0268ec2c;23604;2;MARC\Chat de WhatsApp con MARC (ÚLTIMO EL MÁS RECIENTE)\Chat de WhatsApp con Marc Souza Gil\PTT-20260815-WA0073.opus | MARC\Chat de WhatsApp con MARC\PTT-20260815-WA0073.opus
f9f5e9877676;23409;2;00_CONTROL\.ig-profile\Default\Cache\Cache_Data\f_0000c1 | 00_CONTROL\.ig-profile\Default\Cache\Cache_Data\f_0000cf
fb581806d123;21360;2;00_CONTROL\.ig-profile\Default\Cache\Cache_Data\f_0001ba | 00_CONTROL\.ig-profile\Default\Cache\Cache_Data\f_0001bf
bb2124a44606;21167;2;MARC\Chat de WhatsApp con MARC (ÚLTIMO EL MÁS RECIENTE)\Chat de WhatsApp con Marc Souza Gil\PTT-20260815-WA0077.opus | MARC\Chat de WhatsApp con MARC\PTT-20260815-WA0077.opus
65e200af69b9;19681;2;MARC\Chat de WhatsApp con MARC (ÚLTIMO EL MÁS RECIENTE)\Chat de WhatsApp con Marc Souza Gil\PTT-20260814-WA0115.opus | MARC\Chat de WhatsApp con MARC\PTT-20260814-WA0115.opus
5b18f56d56b1;17801;2;00_CONTROL\.ig-profile\Default\Cache\Cache_Data\f_0000c5 | 00_CONTROL\.ig-profile\Default\Cache\Cache_Data\f_0000d3
ec1702806f4c;8192;4;00_CONTROL\.ig-profile\Default\DawnGraphiteCache\data_2 | 00_CONTROL\.ig-profile\Default\DawnWebGPUCache\data_2 | 00_CONTROL\.ig-profile\GrShaderCache\data_2 | 00_CONTROL\.ig-profile\ShaderCache\data_2
e09f42c398d6;8192;4;00_CONTROL\.ig-profile\Default\DawnGraphiteCache\data_3 | 00_CONTROL\.ig-profile\Default\DawnWebGPUCache\data_3 | 00_CONTROL\.ig-profile\Default\GPUCache\data_3 | 00_CONTROL\.ig-profile\ShaderCache\data_3
ada79bc9b4f0;15724;2;MARC\Chat de WhatsApp con MARC (ÚLTIMO EL MÁS RECIENTE)\Chat de WhatsApp con Marc Souza Gil\PTT-20260810-WA0082.opus | MARC\Chat de WhatsApp con MARC\PTT-20260810-WA0082.opus
3f96210cb55a;15543;2;MARC\Chat de WhatsApp con MARC (ÚLTIMO EL MÁS RECIENTE)\Chat de WhatsApp con Marc Souza Gil\Oferta_Colaboracion_Sebastian.xlsx | MARC\Chat de WhatsApp con MARC\Oferta_Colaboracion_Sebastian.xlsx
07cf7a1e8b9a;15316;2;03_ESCALA\DOCUMENTACION_ENTREGADA\PREGUNTAS  TESTIMONIOS.docx | MARC\21_TESTIMONIOS\PREGUNTAS  TESTIMONIOS.docx
031b86ffb98a;15108;2;MARC\Chat de WhatsApp con MARC (ÚLTIMO EL MÁS RECIENTE)\Chat de WhatsApp con Marc Souza Gil\Info básic para Sebastian.docx | MARC\Chat de WhatsApp con MARC\Info básic para Sebastian.docx
d6a5fe39cd67;8192;3;00_CONTROL\.ig-profile\Default\DawnGraphiteCache\data_0 | 00_CONTROL\.ig-profile\Default\DawnWebGPUCache\data_0 | 00_CONTROL\.ig-profile\ShaderCache\data_0
5fd7dc87e5e4;12250;2;MARC\Chat de WhatsApp con MARC (ÚLTIMO EL MÁS RECIENTE)\Chat de WhatsApp con Marc Souza Gil\PTT-20260810-WA0060.opus | MARC\Chat de WhatsApp con MARC\PTT-20260810-WA0060.opus
ceb246e6188a;12195;2;MARC\01_Contexto_Alineacion\Doc2_Plan_Operativo_Marc.md | MARC_Proyecto_Entrega_2026\01_OFICIAL\OPERACION\Doc2_Plan_Operativo_Marc.md
191156aed332;8516;2;MARC\02_Informes_Sesiones\Doc1_Informe_Sesion_Marc(1).md | MARC_Proyecto_Entrega_2026\04_AUDITORIAS\Doc1_Informe_Sesion_Marc.md
79c75e2d9655;7420;2;MARC\01_Contexto_Alineacion\Doc3_Contexto_Escala_Marc.md | MARC_Proyecto_Entrega_2026\02_CONTEXTO\NEGOCIO\Doc3_Contexto_Escala_Marc.md
6352b4319c59;4801;2;MARC\Chat de WhatsApp con MARC (ÚLTIMO EL MÁS RECIENTE)\Chat de WhatsApp con Marc Souza Gil\PTT-20260814-WA0188.opus | MARC\Chat de WhatsApp con MARC\PTT-20260814-WA0188.opus
c2784e33158a;703;2;00_CONTROL\.ig-profile\hyphen-data\120.0.6050.0\hyph-as.hyb | 00_CONTROL\.ig-profile\hyphen-data\120.0.6050.0\hyph-bn.hyb
f4df224d459f;687;2;00_CONTROL\.ig-profile\hyphen-data\120.0.6050.0\hyph-hi.hyb | 00_CONTROL\.ig-profile\hyphen-data\120.0.6050.0\hyph-mr.hyb
ad13efae1553;607;2;MARC\27_BRAND_KIT\favicon.png | MARC\27_BRAND_KIT\logo_dark_64.png
f9d31b278e21;41;11;00_CONTROL\.ig-profile\Default\AdBlock Custom Resources\MANIFEST-000001 | 00_CONTROL\.ig-profile\Default\BraveWallet\Brave Wallet Storage\MANIFEST-000001 | 00_CONTROL\.ig-profile\Default\Extension Rules\MANIFEST-000001 | 00_CONTROL\.ig-profile\Default\Extension Scripts\MANIFEST-000001 | 00_CONTROL\.ig-profile\Default\Extension State\MANIFEST-000001 | 00_CONTROL\.ig-profile\Default\GCM Store\Encryption\MANIFEST-000001 | 00_CONTROL\.ig-profile\Default\Service Worker\Database\MANIFEST-000001 | 00_CONTROL\.ig-profile\Default\Site Characteristics Database\MANIFEST-000001 | 00_CONTROL\.ig-profile\Default\Sync Data\LevelDB\MANIFEST-000001 | 00_CONTROL\.ig-profile\Default\shared_proto_db\MANIFEST-000001 | 00_CONTROL\.ig-profile\Default\shared_proto_db\metadata\MANIFEST-000001
d52be09324b2;162;2;ARCHIVO_DOCUMENTAL\06_ARCHIVO_HISTORICO\ACADEMICO_LEGACY_2026-08-28\Evaluaciones\~$bilitación Mat. Financ..docx | ARCHIVO_DOCUMENTAL\06_ARCHIVO_HISTORICO\ACADEMICO_LEGACY_2026-08-28\Evaluaciones\~$nal Mat. Financ..docx
12cbcb4a5c7f;162;2;ARCHIVO_DOCUMENTAL\06_ARCHIVO_HISTORICO\ACADEMICO_LEGACY_2026-08-28\Evaluaciones Admción\~$o. Quiz . Quiz  Admción 2010. II.docx | ARCHIVO_DOCUMENTAL\06_ARCHIVO_HISTORICO\ACADEMICO_LEGACY_2026-08-28\Evaluaciones Admción\~$o. Quiz . Quiz  Admción2  2010. II.docx
fbcfe23a2ecb;24;11;00_CONTROL\.ig-profile\Default\Code Cache\js\index | 00_CONTROL\.ig-profile\Default\Code Cache\wasm\index | 00_CONTROL\.ig-profile\Default\Service Worker\CacheStorage\2348e52d6de9218df880d9a88ad6a5d8c2c9555c\a8cbccc6-0d68-4f67-b14f-393c3644e9ce\index | 00_CONTROL\.ig-profile\Default\Service Worker\CacheStorage\2348e52d6de9218df880d9a88ad6a5d8c2c9555c\aae15319-fb8f-4c94-9164-2f43e46029f3\index | 00_CONTROL\.ig-profile\Default\Service Worker\CacheStorage\579544fd7d0441717f082c9eb123588966aa57ac\376dad3c-7575-4414-bf91-0951222264d0\index | 00_CONTROL\.ig-profile\Default\Service Worker\CacheStorage\579544fd7d0441717f082c9eb123588966aa57ac\6febcb6a-5b68-4d58-844e-556b6415f673\index | 00_CONTROL\.ig-profile\Default\Service Worker\CacheStorage\579544fd7d0441717f082c9eb123588966aa57ac\70b31a3c-9c62-42ae-936f-bbc365817254\index | 00_CONTROL\.ig-profile\Default\Service Worker\CacheStorage\579544fd7d0441717f082c9eb123588966aa57ac\9b743d5b-c8be-470d-a5f7-de1c1b00d9d4\index | 00_CONTROL\.ig-profile\Default\Service Worker\CacheStorage\f278ba7242a4b0474c6478429cbbac36bd73e18d\63b0ad6d-1a5a-4060-86b8-33d9caffe274\index | 00_CONTROL\.ig-profile\Default\Service Worker\ScriptCache\index | 00_CONTROL\.ig-profile\Default\Shared Dictionary\cache\index
0f1bad70c7bd;16;16;00_CONTROL\.ig-profile\Default\AdBlock Custom Resources\CURRENT | 00_CONTROL\.ig-profile\Default\BraveWallet\Brave Wallet Storage\CURRENT | 00_CONTROL\.ig-profile\Default\Extension Rules\CURRENT | 00_CONTROL\.ig-profile\Default\Extension Scripts\CURRENT | 00_CONTROL\.ig-profile\Default\Extension State\CURRENT | 00_CONTROL\.ig-profile\Default\GCM Store\Encryption\CURRENT | 00_CONTROL\.ig-profile\Default\IndexedDB\https_mail.google.com_0.indexeddb.leveldb\CURRENT | 00_CONTROL\.ig-profile\Default\IndexedDB\https_meet.google.com_0.indexeddb.leveldb\CURRENT | 00_CONTROL\.ig-profile\Default\IndexedDB\https_www.milanuncios.com_0.indexeddb.leveldb\CURRENT | 00_CONTROL\.ig-profile\Default\Local Storage\leveldb\CURRENT | 00_CONTROL\.ig-profile\Default\Service Worker\Database\CURRENT | 00_CONTROL\.ig-profile\Default\Session Storage\CURRENT | 00_CONTROL\.ig-profile\Default\Site Characteristics Database\CURRENT | 00_CONTROL\.ig-profile\Default\Sync Data\LevelDB\CURRENT | 00_CONTROL\.ig-profile\Default\shared_proto_db\CURRENT | 00_CONTROL\.ig-profile\Default\shared_proto_db\metadata\CURRENT
cc5dacf370f3;76;2;00_CONTROL\.ig-profile\Default\Extension Rules\000003.log | 00_CONTROL\.ig-profile\Default\Extension Scripts\000003.log
720a78803b84;23;2;00_CONTROL\.ig-profile\Default\IndexedDB\https_meet.google.com_0.indexeddb.leveldb\MANIFEST-000001 | 00_CONTROL\.ig-profile\Default\IndexedDB\https_www.milanuncios.com_0.indexeddb.leveldb\MANIFEST-000001
