NUM,FECHA,PERSONA,TEMA,ARCHIVO,UBICACION_ORIGINAL,EXT,TAM_KB
001,2026-05-04,MARC,General,Doc1_Informe_Sesion_Marc_04-05-26.pdf,MARC\1 DÍA 04-05-2026\Doc1_Informe_Sesion_Marc_04-05-26.pdf,.pdf,95.9
002,2026-05-04,MARC,General,Doc2_Plan_Operativo_Marc_04-05-26.pdf,MARC\1 DÍA 04-05-2026\Doc2_Plan_Operativo_Marc_04-05-26.pdf,.pdf,183.9
003,2026-05-04,MARC,Escala/Reuniones,Doc3_Contexto_Escala_Marc_04-05-26.pdf,MARC\1 DÍA 04-05-2026\Doc3_Contexto_Escala_Marc_04-05-26.pdf,.pdf,132.0
004,2026-08-04,MARC,General,INFORME_SESION INICIAL_04-08-2026-1.pdf,MARC\02_Informes_Sesiones\INFORME_SESION INICIAL_04-08-2026-1.pdf,.pdf,95.9
005,2026-08-04,MARC,General,INFORME_SESION INICIAL_04-08-2026.pdf,MARC\02_Informes_Sesiones\INFORME_SESION INICIAL_04-08-2026.pdf,.pdf,95.9
006,2026-08-04,MARC,Chat/Audios,PTT-20260804-WA0123.txt,MARC\Chat de WhatsApp con MARC\transcripts\PTT-20260804-WA0123.txt,.txt,0.7
007,2026-08-04,MARC,Chat/Audios,PTT-20260804-WA0124.txt,MARC\Chat de WhatsApp con MARC\transcripts\PTT-20260804-WA0124.txt,.txt,2.0
008,2026-08-04,MARC,Chat/Audios,PTT-20260804-WA0125.txt,MARC\Chat de WhatsApp con MARC\transcripts\PTT-20260804-WA0125.txt,.txt,4.7
009,2026-08-04,MARC,Chat/Audios,PTT-20260804-WA0126.txt,MARC\Chat de WhatsApp con MARC\transcripts\PTT-20260804-WA0126.txt,.txt,1.4
010,2026-08-04,MARC,Chat/Audios,PTT-20260804-WA0133.txt,MARC\Chat de WhatsApp con MARC\transcripts\PTT-20260804-WA0133.txt,.txt,2.7
011,2026-08-05 (mtime),MARC,General,Doc1_Informe_Sesion_Marc(1).md,MARC\02_Informes_Sesiones\Doc1_Informe_Sesion_Marc(1).md,.md,8.3
012,2026-08-05 (mtime),MARC,General,Doc1_Informe_Sesion_Marc.md,MARC\02_Informes_Sesiones\Doc1_Informe_Sesion_Marc.md,.md,7.3
013,2026-08-05 (mtime),MARC,General,Doc1_Informe_Sesion_Marc.pdf,MARC\02_Informes_Sesiones\Doc1_Informe_Sesion_Marc.pdf,.pdf,16.9
014,2026-08-05 (mtime),MARC,Sistema MASTER,Doc2_Plan_Operativo_Marc.md,MARC\01_Contexto_Alineacion\Doc2_Plan_Operativo_Marc.md,.md,11.9
015,2026-08-05 (mtime),MARC,Escala/Reuniones,Doc3_Contexto_Escala_Marc.md,MARC\01_Contexto_Alineacion\Doc3_Contexto_Escala_Marc.md,.md,7.2
016,2026-08-05 (mtime),MARC,Escala/Reuniones,Doc3_Contexto_Escala_Marc.pdf,MARC\01_Contexto_Alineacion\Doc3_Contexto_Escala_Marc.pdf,.pdf,132.0
017,2026-08-05 (mtime),MARC,Sistema MASTER,Plan_Marc_Operativo_Final(1).md,MARC\01_Contexto_Alineacion\Plan_Marc_Operativo_Final(1).md,.md,5.3
018,2026-08-05 (mtime),MARC,Sistema MASTER,Plan_Marc_Operativo_Final.md,MARC\01_Contexto_Alineacion\Plan_Marc_Operativo_Final.md,.md,0.0
019,2026-08-05,MARC,Chat/Audios,PTT-20260805-WA0005.txt,MARC\Chat de WhatsApp con MARC\transcripts\PTT-20260805-WA0005.txt,.txt,1.6
020,2026-08-07,MARC,Chat/Audios,PTT-20260807-WA0000.txt,MARC\Chat de WhatsApp con MARC\transcripts\PTT-20260807-WA0000.txt,.txt,1.3
021,2026-08-07,MARC,Chat/Audios,PTT-20260807-WA0004.txt,MARC\Chat de WhatsApp con MARC\transcripts\PTT-20260807-WA0004.txt,.txt,1.2
022,2026-08-07,MARC,Chat/Audios,PTT-20260807-WA0081.txt,MARC\Chat de WhatsApp con MARC\transcripts\PTT-20260807-WA0081.txt,.txt,0.6
023,2026-08-10,MARC,Chat/Audios,PTT-20260810-WA0060.txt,MARC\Chat de WhatsApp con MARC\transcripts\PTT-20260810-WA0060.txt,.txt,0.1
024,2026-08-10,MARC,Chat/Audios,PTT-20260810-WA0081.txt,MARC\Chat de WhatsApp con MARC\transcripts\PTT-20260810-WA0081.txt,.txt,1.0
025,2026-08-10,MARC,Chat/Audios,PTT-20260810-WA0082.txt,MARC\Chat de WhatsApp con MARC\transcripts\PTT-20260810-WA0082.txt,.txt,0.1
026,2026-08-10,MARC,Chat/Audios,PTT-20260810-WA0083.txt,MARC\Chat de WhatsApp con MARC\transcripts\PTT-20260810-WA0083.txt,.txt,0.2
027,2026-08-12,MARC,Chat/Audios,DOC-20260812-WA0062.docx,MARC\Chat de WhatsApp con MARC\DOC-20260812-WA0062.docx,.docx,52.5
028,2026-08-12,MARC,Chat/Audios,DOC-20260812-WA0062.docx,MARC\Chat de WhatsApp con MARC (ÚLTIMO EL MÁS RECIENTE)\Chat de WhatsApp con Marc Souza Gil\DOC-20260812-WA0062.docx,.docx,52.5
029,2026-08-12,MARC,Chat/Audios,DOC-20260812-WA0125.docx,MARC\Chat de WhatsApp con MARC\DOC-20260812-WA0125.docx,.docx,49.4
030,2026-08-12,MARC,Chat/Audios,DOC-20260812-WA0125.docx,MARC\Chat de WhatsApp con MARC (ÚLTIMO EL MÁS RECIENTE)\Chat de WhatsApp con Marc Souza Gil\DOC-20260812-WA0125.docx,.docx,49.4
031,2026-08-13 (mtime),MARC,Sistema MASTER,Documento_Alineacion_MARC_Sebastian.pdf,MARC\01_Contexto_Alineacion\Documento_Alineacion_MARC_Sebastian.pdf,.pdf,156.9
032,2026-08-13 (mtime),MARC,Sistema MASTER,Marc.pdf,MARC\01_Contexto_Alineacion\Marc.pdf,.pdf,1197.3
033,2026-08-14,MARC,Chat/Audios,PTT-20260814-WA0077.txt,MARC\Chat de WhatsApp con MARC\transcripts\PTT-20260814-WA0077.txt,.txt,0.2
034,2026-08-14,MARC,Chat/Audios,PTT-20260814-WA0111.txt,MARC\Chat de WhatsApp con MARC\transcripts\PTT-20260814-WA0111.txt,.txt,0.5
035,2026-08-14,MARC,Chat/Audios,PTT-20260814-WA0112.txt,MARC\Chat de WhatsApp con MARC\transcripts\PTT-20260814-WA0112.txt,.txt,0.2
036,2026-08-14,MARC,Chat/Audios,PTT-20260814-WA0114.txt,MARC\Chat de WhatsApp con MARC\transcripts\PTT-20260814-WA0114.txt,.txt,0.2
037,2026-08-14,MARC,Chat/Audios,PTT-20260814-WA0115.txt,MARC\Chat de WhatsApp con MARC\transcripts\PTT-20260814-WA0115.txt,.txt,0.2
038,2026-08-14,MARC,Chat/Audios,PTT-20260814-WA0116.txt,MARC\Chat de WhatsApp con MARC\transcripts\PTT-20260814-WA0116.txt,.txt,0.4
039,2026-08-14,MARC,Chat/Audios,PTT-20260814-WA0137.txt,MARC\Chat de WhatsApp con MARC\transcripts\PTT-20260814-WA0137.txt,.txt,0.6
040,2026-08-14,MARC,Chat/Audios,PTT-20260814-WA0170.txt,MARC\Chat de WhatsApp con MARC\transcripts\PTT-20260814-WA0170.txt,.txt,0.6
041,2026-08-14,MARC,Chat/Audios,PTT-20260814-WA0184.txt,MARC\Chat de WhatsApp con MARC\transcripts\PTT-20260814-WA0184.txt,.txt,0.3
042,2026-08-14,MARC,Chat/Audios,PTT-20260814-WA0188.txt,MARC\Chat de WhatsApp con MARC\transcripts\PTT-20260814-WA0188.txt,.txt,0.0
043,2026-08-15 (mtime),AURORA,Auditoría,01_AUDITORIA_COMPLETA_AURORA.md,AURORA\00_AUDITORIA_MAESTRA\01_AUDITORIA_COMPLETA_AURORA.md,.md,0.8
044,2026-08-15 (mtime),AURORA,Auditoría,01_INVENTARIO_DOCUMENTAL.md,AURORA\00_AUDITORIA_MAESTRA\01_INVENTARIO_DOCUMENTAL.md,.md,0.9
045,2026-08-15 (mtime),AURORA,Auditoría,02_AUDITORIA_DE_MARC.md,AURORA\00_AUDITORIA_MAESTRA\02_AUDITORIA_DE_MARC.md,.md,0.4
046,2026-08-15 (mtime),AURORA,Auditoría,03_MAPA_DEL_NEGOCIO_AURORA.md,AURORA\00_AUDITORIA_MAESTRA\03_MAPA_DEL_NEGOCIO_AURORA.md,.md,0.5
047,2026-08-15 (mtime),AURORA,Auditoría,04_MAPA_DE_MARKETING_AURORA.md,AURORA\00_AUDITORIA_MAESTRA\04_MAPA_DE_MARKETING_AURORA.md,.md,0.3
048,2026-08-15 (mtime),AURORA,Auditoría,04_MARKETING.md,AURORA\00_AUDITORIA_MAESTRA\04_MARKETING.md,.md,0.3
049,2026-08-15 (mtime),AURORA,Auditoría,05_MAPA_DEL_EMBUDO_AURORA.md,AURORA\00_AUDITORIA_MAESTRA\05_MAPA_DEL_EMBUDO_AURORA.md,.md,0.3
050,2026-08-15 (mtime),AURORA,Auditoría,05_VENTAS.md,AURORA\00_AUDITORIA_MAESTRA\05_VENTAS.md,.md,0.5
051,2026-08-15 (mtime),AURORA,Auditoría,06_EMBUDO.md,AURORA\00_AUDITORIA_MAESTRA\06_EMBUDO.md,.md,0.4
052,2026-08-15 (mtime),AURORA,Auditoría,06_MAPA_DE_AUTOMATIZACIONES_AURORA.md,AURORA\00_AUDITORIA_MAESTRA\06_MAPA_DE_AUTOMATIZACIONES_AURORA.md,.md,0.3
053,2026-08-15 (mtime),AURORA,Auditoría,07_AUDITORIA_DE_HERRAMIENTAS_AURORA.md,AURORA\00_AUDITORIA_MAESTRA\07_AUDITORIA_DE_HERRAMIENTAS_AURORA.md,.md,0.4
054,2026-08-15 (mtime),AURORA,Auditoría,07_AUTOMATIZACIONES.md,AURORA\00_AUDITORIA_MAESTRA\07_AUTOMATIZACIONES.md,.md,0.4
055,2026-08-15 (mtime),AURORA,Auditoría,08_AUDITORIA_FINANCIERA_AURORA.md,AURORA\00_AUDITORIA_MAESTRA\08_AUDITORIA_FINANCIERA_AURORA.md,.md,0.2
056,2026-08-15 (mtime),AURORA,Auditoría,08_IA_Y_TECNOLOGIA.md,AURORA\00_AUDITORIA_MAESTRA\08_IA_Y_TECNOLOGIA.md,.md,0.4
057,2026-08-15 (mtime),AURORA,Contrato,09_AUDITORIA_CONTRACTUAL_AURORA.md,AURORA\00_AUDITORIA_MAESTRA\09_AUDITORIA_CONTRACTUAL_AURORA.md,.md,0.3
058,2026-08-15 (mtime),AURORA,Auditoría,09_HERRAMIENTAS_Y_ACCESOS.md,AURORA\00_AUDITORIA_MAESTRA\09_HERRAMIENTAS_Y_ACCESOS.md,.md,0.4
059,2026-08-15 (mtime),AURORA,Auditoría,10_KPI_Y_METRICAS_AURORA.md,AURORA\00_AUDITORIA_MAESTRA\10_KPI_Y_METRICAS_AURORA.md,.md,0.2
060,2026-08-15 (mtime),AURORA,Contrato,11_CONTRATOS_Y_RESPONSABILIDADES.md,AURORA\00_AUDITORIA_MAESTRA\11_CONTRATOS_Y_RESPONSABILIDADES.md,.md,0.3
061,2026-08-15 (mtime),AURORA,Auditoría,11_RIESGOS_AURORA.md,AURORA\00_AUDITORIA_MAESTRA\11_RIESGOS_AURORA.md,.md,0.4
062,2026-08-15 (mtime),AURORA,Auditoría,12_KPIS_Y_METRICAS.md,AURORA\00_AUDITORIA_MAESTRA\12_KPIS_Y_METRICAS.md,.md,0.2
063,2026-08-15 (mtime),AURORA,Auditoría,12_OPORTUNIDADES_AURORA.md,AURORA\00_AUDITORIA_MAESTRA\12_OPORTUNIDADES_AURORA.md,.md,0.4
064,2026-08-15 (mtime),AURORA,Auditoría,13_PREGUNTAS_PARA_AURORA.md,AURORA\00_AUDITORIA_MAESTRA\13_PREGUNTAS_PARA_AURORA.md,.md,0.5
065,2026-08-15 (mtime),AURORA,Auditoría,13_PROBLEMAS_Y_RIESGOS.md,AURORA\00_AUDITORIA_MAESTRA\13_PROBLEMAS_Y_RIESGOS.md,.md,0.4
066,2026-08-15 (mtime),AURORA,Auditoría,14_OPORTUNIDADES.md,AURORA\00_AUDITORIA_MAESTRA\14_OPORTUNIDADES.md,.md,0.5
067,2026-08-15 (mtime),AURORA,Auditoría,14_PLAN_30_60_90_AURORA.md,AURORA\00_AUDITORIA_MAESTRA\14_PLAN_30_60_90_AURORA.md,.md,0.5
068,2026-08-15 (mtime),AURORA,Auditoría,15_PREGUNTAS_PENDIENTES.md,AURORA\00_AUDITORIA_MAESTRA\15_PREGUNTAS_PENDIENTES.md,.md,0.6
069,2026-08-15 (mtime),AURORA,Escala/Reuniones,15_REUNION_BRIEF_AURORA.md,AURORA\00_AUDITORIA_MAESTRA\15_REUNION_BRIEF_AURORA.md,.md,0.4
070,2026-08-15 (mtime),AURORA,Auditoría,16_DOCUMENTO_ALINEACION_AURORA.md,AURORA\00_AUDITORIA_MAESTRA\16_DOCUMENTO_ALINEACION_AURORA.md,.md,0.5
071,2026-08-15 (mtime),AURORA,Auditoría,16_PLAN_DE_ACCION.md,AURORA\00_AUDITORIA_MAESTRA\16_PLAN_DE_ACCION.md,.md,0.4
072,2026-08-15 (mtime),AURORA,Escala/Reuniones,17_DOCUMENTOS_PARA_REUNION.md,AURORA\00_AUDITORIA_MAESTRA\17_DOCUMENTOS_PARA_REUNION.md,.md,0.6
073,2026-08-15 (mtime),AURORA,Auditoría,17_FUENTES_AURORA.md,AURORA\00_AUDITORIA_MAESTRA\17_FUENTES_AURORA.md,.md,0.6
074,2026-08-15 (mtime),AURORA,Auditoría,18_FUENTES_Y_EVIDENCIAS.md,AURORA\00_AUDITORIA_MAESTRA\18_FUENTES_Y_EVIDENCIAS.md,.md,0.6
075,2026-08-15 (mtime),COMPARTIDO,Auditoría,00_MAPA_MAESTRO_MARC_AURORA.md,AUDITORIA_GLOBAL\OTROS DOCUMENTOS POR ORDENAR\00_MAPA_MAESTRO_MARC_AURORA.md,.md,2.5
076,2026-08-15 (mtime),MARC,Auditoría,00_RESUMEN_EJECUTIVO_MARC.md,MARC\00_AUDITORIA_MAESTRA\00_RESUMEN_EJECUTIVO_MARC.md,.md,2.1
077,2026-08-15 (mtime),MARC,Auditoría,01_AUDITORIA_COMPLETA_MARC.md,MARC\00_AUDITORIA_MAESTRA\01_AUDITORIA_COMPLETA_MARC.md,.md,3.0
078,2026-08-15 (mtime),MARC,Auditoría,02_INVENTARIO_MARC.md,MARC\00_AUDITORIA_MAESTRA\02_INVENTARIO_MARC.md,.md,1.8
079,2026-08-15 (mtime),MARC,Auditoría,03_MAPA_DEL_NEGOCIO_MARC.md,MARC\00_AUDITORIA_MAESTRA\03_MAPA_DEL_NEGOCIO_MARC.md,.md,3.0
080,2026-08-15 (mtime),MARC,Auditoría,04_MAPA_DE_MARKETING_MARC.md,MARC\00_AUDITORIA_MAESTRA\04_MAPA_DE_MARKETING_MARC.md,.md,1.1
081,2026-08-15 (mtime),MARC,Auditoría,05_MAPA_DEL_EMBUDO_MARC.md,MARC\05_MAPA_DEL_EMBUDO_MARC.md,.md,1.1
082,2026-08-15 (mtime),MARC,Auditoría,06_MAPA_DE_AUTOMATIZACIONES_MARC.md,MARC\06_MAPA_DE_AUTOMATIZACIONES_MARC.md,.md,0.7
083,2026-08-15 (mtime),MARC,Auditoría,07_AUDITORIA_DE_HERRAMIENTAS_MARC.md,MARC\07_AUDITORIA_DE_HERRAMIENTAS_MARC.md,.md,0.6
084,2026-08-15 (mtime),MARC,Auditoría,08_AUDITORIA_FINANCIERA_MARC.md,MARC\08_AUDITORIA_FINANCIERA_MARC.md,.md,0.6
085,2026-08-15 (mtime),MARC,Contrato,09_AUDITORIA_CONTRACTUAL_MARC.md,MARC\09_AUDITORIA_CONTRACTUAL_MARC.md,.md,0.6
086,2026-08-15 (mtime),MARC,Estrategia/KPI,10_KPI_Y_METRICAS_MARC.md,MARC\10_KPI_Y_METRICAS_MARC.md,.md,0.5
087,2026-08-15 (mtime),MARC,Estrategia/KPI,11_RIESGOS_MARC.md,MARC\11_RIESGOS_MARC.md,.md,0.6
088,2026-08-15 (mtime),MARC,Estrategia/KPI,12_OPORTUNIDADES_MARC.md,MARC\12_OPORTUNIDADES_MARC.md,.md,0.6
089,2026-08-15 (mtime),MARC,General,13_PREGUNTAS_PARA_MARC.md,MARC\13_PREGUNTAS_PARA_MARC.md,.md,0.9
090,2026-08-15 (mtime),MARC,Estrategia/KPI,14_PLAN_30_60_90_MARC.md,MARC\14_PLAN_30_60_90_MARC.md,.md,0.7
091,2026-08-15 (mtime),MARC,Escala/Reuniones,15_REUNION_BRIEF_MARC.md,MARC\15_REUNION_BRIEF_MARC.md,.md,0.6
092,2026-08-15 (mtime),MARC,General,16_DOCUMENTO_ALINEACION_MARC.md,MARC\16_DOCUMENTO_ALINEACION_MARC.md,.md,0.6
093,2026-08-15 (mtime),MARC,General,17_FUENTES_MARC.md,MARC\17_FUENTES_MARC.md,.md,1.7
094,2026-08-15 (mtime),MARC,Contrato,5.0 IE6 - Contrato de prestación de servicios y garantía de resultados.pdf,MARC\Chat de WhatsApp con MARC\5.0 IE6 - Contrato de prestación de servicios y garantía de resultados.pdf,.pdf,129.6
095,2026-08-15 (mtime),MARC,Chat/Audios,Chat de WhatsApp con MARC.txt,MARC\Chat de WhatsApp con MARC\Chat de WhatsApp con MARC.txt,.txt,75.0
096,2026-08-15 (mtime),MARC,CV/Perfil,CVREDES.pdf,MARC\Chat de WhatsApp con MARC\CVREDES.pdf,.pdf,427.5
097,2026-08-15 (mtime),MARC,Chat/Audios,Doc1_Informe_Sesion_Marc_04-05-26.pdf,MARC\Chat de WhatsApp con MARC\Doc1_Informe_Sesion_Marc_04-05-26.pdf,.pdf,95.9
098,2026-08-15 (mtime),MARC,Chat/Audios,Doc2_Plan_Operativo_Marc_04-05-26.pdf,MARC\Chat de WhatsApp con MARC\Doc2_Plan_Operativo_Marc_04-05-26.pdf,.pdf,183.9
099,2026-08-15 (mtime),MARC,Escala/Reuniones,Doc3_Contexto_Escala_Marc.pdf,MARC\Chat de WhatsApp con MARC\Doc3_Contexto_Escala_Marc.pdf,.pdf,132.0
100,2026-08-15 (mtime),MARC,Chat/Audios,Info básic para Sebastian.docx,MARC\Chat de WhatsApp con MARC\Info básic para Sebastian.docx,.docx,14.8
101,2026-08-15 (mtime),MARC,Chat/Audios,INFORME - IMPODERATE.pdf,MARC\Chat de WhatsApp con MARC\INFORME - IMPODERATE.pdf,.pdf,1154.8
102,2026-08-15 (mtime),MARC,General,MARC_1_MINUTO.md,MARC\MARC_1_MINUTO.md,.md,0.7
103,2026-08-15 (mtime),MARC,General,MARC_DOCUMENTO_ALINEACION.md,MARC\MARC_DOCUMENTO_ALINEACION.md,.md,1.7
104,2026-08-15 (mtime),MARC,Escala/Reuniones,MARC_REUNION_BRIEF.md,MARC\MARC_REUNION_BRIEF.md,.md,4.3
105,2026-08-15 (mtime),MARC,Finanzas,Oferta_Colaboracion_Sebastian.xlsx,MARC\Chat de WhatsApp con MARC\Oferta_Colaboracion_Sebastian.xlsx,.xlsx,15.2
106,2026-08-15,MARC,Chat/Audios,PTT-20260815-WA0071.txt,MARC\Chat de WhatsApp con MARC\transcripts\PTT-20260815-WA0071.txt,.txt,0.2
107,2026-08-15,MARC,Chat/Audios,PTT-20260815-WA0073.txt,MARC\Chat de WhatsApp con MARC\transcripts\PTT-20260815-WA0073.txt,.txt,0.1
108,2026-08-15,MARC,Chat/Audios,PTT-20260815-WA0074.txt,MARC\Chat de WhatsApp con MARC\transcripts\PTT-20260815-WA0074.txt,.txt,0.2
109,2026-08-15,MARC,Chat/Audios,PTT-20260815-WA0077.txt,MARC\Chat de WhatsApp con MARC\transcripts\PTT-20260815-WA0077.txt,.txt,0.1
110,2026-08-16 (mtime),COMPARTIDO,Auditoría,00_AUDITORIA_MAESTRA_COMPLETA.md,AUDITORIA_GLOBAL\00_AUDITORIA_MAESTRA_COMPLETA.md,.md,21.8
111,2026-08-16 (mtime),COMPARTIDO,Auditoría,00_CONTINUIDAD_ESTADO.md,AUDITORIA_GLOBAL\OTROS DOCUMENTOS POR ORDENAR\00_CONTINUIDAD_ESTADO.md,.md,6.2
112,2026-08-16 (mtime),COMPARTIDO,Auditoría,00_INDICE_AUDITORIA.md,AUDITORIA_GLOBAL\00_INDICE_AUDITORIA.md,.md,2.2
113,2026-08-16 (mtime),COMPARTIDO,Auditoría,01_MAPA_CARPETAS.md,AUDITORIA_GLOBAL\01_MAPA_CARPETAS.md,.md,8.5
114,2026-08-16 (mtime),COMPARTIDO,Auditoría,01_PROMPTS_PARA_AGENTES.md,AUDITORIA_GLOBAL\OTROS DOCUMENTOS POR ORDENAR\01_PROMPTS_PARA_AGENTES.md,.md,4.9
115,2026-08-16 (mtime),COMPARTIDO,Auditoría,02_INVENTARIO_ARCHIVOS.md,AUDITORIA_GLOBAL\02_INVENTARIO_ARCHIVOS.md,.md,7.8
116,2026-08-16 (mtime),COMPARTIDO,Auditoría,03_ANALISIS_DOCUMENTAL.md,AUDITORIA_GLOBAL\03_ANALISIS_DOCUMENTAL.md,.md,7.9
117,2026-08-16 (mtime),COMPARTIDO,Auditoría,04_MAPA_PERSONAS.md,AUDITORIA_GLOBAL\04_MAPA_PERSONAS.md,.md,3.6
118,2026-08-16 (mtime),COMPARTIDO,Auditoría,05_MAPA_EMPRESAS.md,AUDITORIA_GLOBAL\05_MAPA_EMPRESAS.md,.md,2.4
119,2026-08-16 (mtime),COMPARTIDO,Auditoría,06_MAPA_PROYECTOS.md,AUDITORIA_GLOBAL\06_MAPA_PROYECTOS.md,.md,3.1
120,2026-08-16 (mtime),COMPARTIDO,Contrato,07_MAPA_CONTRATOS.md,AUDITORIA_GLOBAL\07_MAPA_CONTRATOS.md,.md,1.8
121,2026-08-16 (mtime),COMPARTIDO,Auditoría,08_MAPA_MARKETING.md,AUDITORIA_GLOBAL\08_MAPA_MARKETING.md,.md,1.9
122,2026-08-16 (mtime),COMPARTIDO,Auditoría,09_MAPA_FINANCIERO.md,AUDITORIA_GLOBAL\09_MAPA_FINANCIERO.md,.md,1.6
123,2026-08-16 (mtime),COMPARTIDO,Auditoría,10_MAPA_OPERATIVO.md,AUDITORIA_GLOBAL\10_MAPA_OPERATIVO.md,.md,2.1
124,2026-08-16 (mtime),COMPARTIDO,Auditoría,11_MAPA_TECNOLOGICO.md,AUDITORIA_GLOBAL\11_MAPA_TECNOLOGICO.md,.md,1.8
125,2026-08-16 (mtime),COMPARTIDO,Auditoría,12_LOCAL_VS_DRIVE.md,AUDITORIA_GLOBAL\12_LOCAL_VS_DRIVE.md,.md,2.5
126,2026-08-16 (mtime),COMPARTIDO,Auditoría,13_DUPLICADOS.md,AUDITORIA_GLOBAL\13_DUPLICADOS.md,.md,2.1
127,2026-08-16 (mtime),COMPARTIDO,Auditoría,14_CONTRADICCIONES.md,AUDITORIA_GLOBAL\14_CONTRADICCIONES.md,.md,2.7
128,2026-08-16 (mtime),COMPARTIDO,Auditoría,15_INFORMACION_FALTANTE.md,AUDITORIA_GLOBAL\15_INFORMACION_FALTANTE.md,.md,2.9
129,2026-08-16 (mtime),COMPARTIDO,Auditoría,16_CONCLUSIONES.md,AUDITORIA_GLOBAL\16_CONCLUSIONES.md,.md,3.8
130,2026-08-16 (mtime),COMPARTIDO,Auditoría,17_ANALISIS_IMAGENES_FASE2.md,AUDITORIA_GLOBAL\17_ANALISIS_IMAGENES_FASE2.md,.md,2.9
131,2026-08-16 (mtime),COMPARTIDO,Auditoría,18_DOCUMENTOS_RECUPERADOS_FASE2.md,AUDITORIA_GLOBAL\18_DOCUMENTOS_RECUPERADOS_FASE2.md,.md,12.2
132,2026-08-16 (mtime),COMPARTIDO,Auditoría,20_INVENTARIO_TOTAL_ARCHIVOS.csv,AUDITORIA_GLOBAL\20_INVENTARIO_TOTAL_ARCHIVOS.csv,.csv,48.2
133,2026-08-16 (mtime),COMPARTIDO,Auditoría,ROADMAP_30_DIAS.md,AUDITORIA_GLOBAL\OTROS DOCUMENTOS POR ORDENAR\ROADMAP_30_DIAS.md,.md,6.5
134,2026-08-16 (mtime),MARC,General,AGENTS.md,MARC\AGENTS.md,.md,2.5
135,2026-08-16 (mtime),MARC,General,TEST-TOKENROUTER.md,MARC\TEST-TOKENROUTER.md,.md,1.6
136,2026-08-16 (mtime),MARC,General,TOKENROUTER-VSCODE-SETUP-REPORT.md,MARC\TOKENROUTER-VSCODE-SETUP-REPORT.md,.md,4.0
137,2026-08-16 (mtime),MARC,Chat/Audios,transcribe_instructions.txt,MARC\Chat de WhatsApp con MARC\transcribe_instructions.txt,.txt,2.2
138,2026-08-17,MARC,Chat/Audios,PTT-20260817-WA0006.txt,MARC\Chat de WhatsApp con MARC (ÚLTIMO EL MÁS RECIENTE)\Chat de WhatsApp con Marc Souza Gil\transcripts_20260817\PTT-20260817-WA0006.txt,.txt,0.0
139,2026-08-17,MARC,Chat/Audios,PTT-20260817-WA0010.txt,MARC\Chat de WhatsApp con MARC (ÚLTIMO EL MÁS RECIENTE)\Chat de WhatsApp con Marc Souza Gil\transcripts_20260817\PTT-20260817-WA0010.txt,.txt,1.2
140,2026-08-17,MARC,Chat/Audios,PTT-20260817-WA0011.txt,MARC\Chat de WhatsApp con MARC (ÚLTIMO EL MÁS RECIENTE)\Chat de WhatsApp con Marc Souza Gil\transcripts_20260817\PTT-20260817-WA0011.txt,.txt,1.8
141,2026-08-17,MARC,Chat/Audios,PTT-20260817-WA0012.txt,MARC\Chat de WhatsApp con MARC (ÚLTIMO EL MÁS RECIENTE)\Chat de WhatsApp con Marc Souza Gil\transcripts_20260817\PTT-20260817-WA0012.txt,.txt,2.3
142,2026-08-17,MARC,Chat/Audios,PTT-20260817-WA0013.txt,MARC\Chat de WhatsApp con MARC (ÚLTIMO EL MÁS RECIENTE)\Chat de WhatsApp con Marc Souza Gil\transcripts_20260817\PTT-20260817-WA0013.txt,.txt,0.8
143,2026-08-17,MARC,Chat/Audios,PTT-20260817-WA0014.txt,MARC\Chat de WhatsApp con MARC (ÚLTIMO EL MÁS RECIENTE)\Chat de WhatsApp con Marc Souza Gil\transcripts_20260817\PTT-20260817-WA0014.txt,.txt,1.0
144,2026-08-17,MARC,Chat/Audios,PTT-20260817-WA0015.txt,MARC\Chat de WhatsApp con MARC (ÚLTIMO EL MÁS RECIENTE)\Chat de WhatsApp con Marc Souza Gil\transcripts_20260817\PTT-20260817-WA0015.txt,.txt,0.6
145,2026-08-17,MARC,Chat/Audios,PTT-20260817-WA0017.txt,MARC\Chat de WhatsApp con MARC (ÚLTIMO EL MÁS RECIENTE)\Chat de WhatsApp con Marc Souza Gil\transcripts_20260817\PTT-20260817-WA0017.txt,.txt,0.6
146,2026-08-17,MARC,Chat/Audios,PTT-20260817-WA0018.txt,MARC\Chat de WhatsApp con MARC (ÚLTIMO EL MÁS RECIENTE)\Chat de WhatsApp con Marc Souza Gil\transcripts_20260817\PTT-20260817-WA0018.txt,.txt,2.7
147,2026-08-17,MARC,Chat/Audios,PTT-20260817-WA0019.txt,MARC\Chat de WhatsApp con MARC (ÚLTIMO EL MÁS RECIENTE)\Chat de WhatsApp con Marc Souza Gil\transcripts_20260817\PTT-20260817-WA0019.txt,.txt,0.2
148,2026-08-17,MARC,Chat/Audios,PTT-20260817-WA0020.txt,MARC\Chat de WhatsApp con MARC (ÚLTIMO EL MÁS RECIENTE)\Chat de WhatsApp con Marc Souza Gil\transcripts_20260817\PTT-20260817-WA0020.txt,.txt,0.2
149,2026-08-17,MARC,Chat/Audios,PTT-20260817-WA0021.txt,MARC\Chat de WhatsApp con MARC (ÚLTIMO EL MÁS RECIENTE)\Chat de WhatsApp con Marc Souza Gil\transcripts_20260817\PTT-20260817-WA0021.txt,.txt,1.4
150,2026-08-17,MARC,Chat/Audios,PTT-20260817-WA0022.txt,MARC\Chat de WhatsApp con MARC (ÚLTIMO EL MÁS RECIENTE)\Chat de WhatsApp con Marc Souza Gil\transcripts_20260817\PTT-20260817-WA0022.txt,.txt,2.0
151,2026-08-17,MARC,Chat/Audios,PTT-20260817-WA0023.txt,MARC\Chat de WhatsApp con MARC (ÚLTIMO EL MÁS RECIENTE)\Chat de WhatsApp con Marc Souza Gil\transcripts_20260817\PTT-20260817-WA0023.txt,.txt,1.1
152,2026-08-17,MARC,Chat/Audios,PTT-20260817-WA0024.txt,MARC\Chat de WhatsApp con MARC (ÚLTIMO EL MÁS RECIENTE)\Chat de WhatsApp con Marc Souza Gil\transcripts_20260817\PTT-20260817-WA0024.txt,.txt,0.7
153,2026-08-18 (mtime),AURORA,Auditoría,00_RESUMEN_EJECUTIVO_AURORA.md,AURORA\00_AUDITORIA_MAESTRA\00_RESUMEN_EJECUTIVO_AURORA.md,.md,1.9
154,2026-08-18 (mtime),AURORA,Auditoría,02_CONTEXTO_NEGOCIO.md,AURORA\00_AUDITORIA_MAESTRA\02_CONTEXTO_NEGOCIO.md,.md,1.4
155,2026-08-18 (mtime),AURORA,Auditoría,03_OFERTA_Y_PRODUCTOS.md,AURORA\00_AUDITORIA_MAESTRA\03_OFERTA_Y_PRODUCTOS.md,.md,1.3
156,2026-08-18 (mtime),AURORA,Auditoría,10_FINANZAS_Y_PRECIOS.md,AURORA\00_AUDITORIA_MAESTRA\10_FINANZAS_Y_PRECIOS.md,.md,1.3
157,2026-08-18 (mtime),AURORA,Chat/Audios,Chat de WhatsApp con +34 722 39 89 89.txt,AURORA\Chat de WhatsApp con +34 722 39 89 89\Chat de WhatsApp con +34 722 39 89 89.txt,.txt,1.7
158,2026-08-18 (mtime),AURORA,Instagram/Contenido,PAQUETE_GENERACION_VISUAL_AURORA.md,AURORA\04_Instagram\PAQUETE_GENERACION_VISUAL_AURORA.md,.md,3.4
159,2026-08-18 (mtime),COMPARTIDO,General,ACCESS_MAP.md,00_CONTROL\ACCESS_MAP.md,.md,3.2
160,2026-08-18 (mtime),COMPARTIDO,General,ASSET_MAP.md,00_CONTROL\ASSET_MAP.md,.md,2.6
161,2026-08-18 (mtime),COMPARTIDO,General,BUSINESS_MAP.md,00_CONTROL\BUSINESS_MAP.md,.md,5.3
162,2026-08-18 (mtime),COMPARTIDO,General,CENTRO_DE_CONTROL.md,00_CONTROL\CENTRO_DE_CONTROL.md,.md,2.9
163,2026-08-18 (mtime),COMPARTIDO,Sistema MASTER,CHANGELOG.md,00_CONTROL\CHANGELOG.md,.md,2.6
164,2026-08-18 (mtime),COMPARTIDO,General,CHANNEL_MAP.md,00_CONTROL\CHANNEL_MAP.md,.md,2.6
165,2026-08-18 (mtime),COMPARTIDO,Escala/Reuniones,CONTEXTO_ESCALA.md,03_ESCALA\CONTEXTO_ESCALA.md,.md,3.3
166,2026-08-18 (mtime),COMPARTIDO,Sistema MASTER,CONTEXTO_MAESTRO_AURORA.md,00_CONTROL\CONTEXTO_MAESTRO_AURORA.md,.md,4.0
167,2026-08-18 (mtime),COMPARTIDO,Sistema MASTER,CONTEXTO_MAESTRO_MARC.md,00_CONTROL\CONTEXTO_MAESTRO_MARC.md,.md,6.6
168,2026-08-18 (mtime),COMPARTIDO,Sistema MASTER,DECISIONS.md,00_CONTROL\DECISIONS.md,.md,3.9
169,2026-08-18 (mtime),COMPARTIDO,Auditoría,INFORME_AUDITORIA_INICIAL.md,00_CONTROL\INFORME_AUDITORIA_INICIAL.md,.md,3.9
170,2026-08-18 (mtime),COMPARTIDO,Auditoría,INVENTARIO_COMPLETO.csv,00_CONTROL\INVENTARIO_COMPLETO.csv,.csv,74.6
171,2026-08-18 (mtime),COMPARTIDO,Auditoría,INVENTARIO_MAESTRO.md,00_CONTROL\INVENTARIO_MAESTRO.md,.md,15.3
172,2026-08-18 (mtime),COMPARTIDO,Estrategia/KPI,KPI_FRAMEWORK.md,00_CONTROL\KPI_FRAMEWORK.md,.md,2.7
173,2026-08-18 (mtime),COMPARTIDO,Auditoría,MAPA_GENERAL.md,00_CONTROL\MAPA_GENERAL.md,.md,7.4
174,2026-08-18 (mtime),COMPARTIDO,Sistema MASTER,MASTER_ACCESS.md,MASTER_ACCESS.md,.md,2.5
175,2026-08-18 (mtime),COMPARTIDO,Sistema MASTER,MASTER_ASSETS.md,MASTER_ASSETS.md,.md,2.9
176,2026-08-18 (mtime),COMPARTIDO,Sistema MASTER,MASTER_CONTEXT.md,MASTER_CONTEXT.md,.md,4.5
177,2026-08-18 (mtime),COMPARTIDO,Sistema MASTER,MASTER_DECISIONS.md,MASTER_DECISIONS.md,.md,3.0
178,2026-08-18 (mtime),COMPARTIDO,Estrategia/KPI,MASTER_KPIS.md,MASTER_KPIS.md,.md,2.0
179,2026-08-18 (mtime),COMPARTIDO,Estrategia/KPI,MASTER_ROADMAP.md,MASTER_ROADMAP.md,.md,2.1
180,2026-08-18 (mtime),COMPARTIDO,Sistema MASTER,MASTER_TASKS.md,MASTER_TASKS.md,.md,4.2
181,2026-08-18 (mtime),COMPARTIDO,Sistema MASTER,PROMPT_01_MISION_PRINCIPAL.md,00_CONTROL\01_PROMPTS_Y_CONTEXTO\PROMPT_01_MISION_PRINCIPAL.md,.md,3.7
182,2026-08-18 (mtime),COMPARTIDO,Sistema MASTER,PROMPT_02_EJECUCION_ECOSISTEMA_MARC.md,00_CONTROL\01_PROMPTS_Y_CONTEXTO\PROMPT_02_EJECUCION_ECOSISTEMA_MARC.md,.md,1.7
183,2026-08-18 (mtime),COMPARTIDO,Auditoría,PROMPT_03_AUDITORIA_TOTAL.md,00_CONTROL\01_PROMPTS_Y_CONTEXTO\PROMPT_03_AUDITORIA_TOTAL.md,.md,2.1
184,2026-08-18 (mtime),COMPARTIDO,Sistema MASTER,PROMPT_04_OPERADOR_AUTONOMO.md,00_CONTROL\01_PROMPTS_Y_CONTEXTO\PROMPT_04_OPERADOR_AUTONOMO.md,.md,1.9
185,2026-08-18 (mtime),COMPARTIDO,Sistema MASTER,PROMPT_05_CONTEXTO_TRANSFERENCIA.md,00_CONTROL\01_PROMPTS_Y_CONTEXTO\PROMPT_05_CONTEXTO_TRANSFERENCIA.md,.md,4.9
186,2026-08-18 (mtime),COMPARTIDO,Sistema MASTER,README.md,README.md,.md,3.4
187,2026-08-18 (mtime),COMPARTIDO,Estrategia/KPI,ROADMAP_30_DAYS.md,00_CONTROL\ROADMAP_30_DAYS.md,.md,2.8
188,2026-08-18,COMPARTIDO,General,SESION_2026-08-18.md,00_CONTROL\SESION_2026-08-18.md,.md,3.9
189,2026-08-18 (mtime),COMPARTIDO,Sistema MASTER,TASKS.md,00_CONTROL\TASKS.md,.md,5.3
190,2026-08-18 (mtime),COMPARTIDO,General,TOOL_MAP.md,00_CONTROL\TOOL_MAP.md,.md,2.3
191,2026-08-18 (mtime),MARC,Contrato,5.0 IE6 - Contrato de prestación de servicios y garantía de resultados.pdf,MARC\Chat de WhatsApp con MARC (ÚLTIMO EL MÁS RECIENTE)\Chat de WhatsApp con Marc Souza Gil\5.0 IE6 - Contrato de prestación de servicios y garantía de resultados.pdf,.pdf,129.6
192,2026-08-18 (mtime),MARC,Chat/Audios,Analisis App GEMINI.pdf,MARC\Chat de WhatsApp con MARC (ÚLTIMO EL MÁS RECIENTE)\Chat de WhatsApp con Marc Souza Gil\Analisis App GEMINI.pdf,.pdf,25.4
193,2026-08-18 (mtime),MARC,Instagram/Contenido,AUDITORIA_INSTAGRAM_MARC.md,MARC\04_Instagram\AUDITORIA_INSTAGRAM_MARC.md,.md,5.5
194,2026-08-18 (mtime),MARC,Instagram/Contenido,BORRADOR_MENSAJE_MARC_18AGO.md,MARC\04_Instagram\BORRADOR_MENSAJE_MARC_18AGO.md,.md,2.8
195,2026-08-18 (mtime),MARC,Instagram/Contenido,BORRADOR_RESPUESTA_MARC_INSTAGRAM.md,MARC\04_Instagram\BORRADOR_RESPUESTA_MARC_INSTAGRAM.md,.md,3.1
196,2026-08-18 (mtime),MARC,Chat/Audios,Chat de WhatsApp con Marc Souza Gil.txt,MARC\Chat de WhatsApp con MARC (ÚLTIMO EL MÁS RECIENTE)\Chat de WhatsApp con Marc Souza Gil\Chat de WhatsApp con Marc Souza Gil.txt,.txt,89.0
197,2026-08-18 (mtime),MARC,CV/Perfil,CV_SEBASTIAN.txt,MARC_Proyecto_Entrega_2026\09_REFERENCIA\CV_SEBASTIAN.txt,.txt,2.2
198,2026-08-18 (mtime),MARC,CV/Perfil,CVREDES.pdf,MARC\Chat de WhatsApp con MARC (ÚLTIMO EL MÁS RECIENTE)\Chat de WhatsApp con Marc Souza Gil\CVREDES.pdf,.pdf,427.5
199,2026-08-18 (mtime),MARC,Auditoría,Doc1_Informe_Sesion_Marc.md,MARC_Proyecto_Entrega_2026\04_AUDITORIAS\Doc1_Informe_Sesion_Marc.md,.md,8.3
200,2026-08-18 (mtime),MARC,Chat/Audios,Doc1_Informe_Sesion_Marc_04-05-26.pdf,MARC\Chat de WhatsApp con MARC (ÚLTIMO EL MÁS RECIENTE)\Chat de WhatsApp con Marc Souza Gil\Doc1_Informe_Sesion_Marc_04-05-26.pdf,.pdf,95.9
201,2026-08-18 (mtime),MARC,General,Doc2_Plan_Operativo_Marc.md,MARC_Proyecto_Entrega_2026\01_OFICIAL\OPERACION\Doc2_Plan_Operativo_Marc.md,.md,11.9
202,2026-08-18 (mtime),MARC,Chat/Audios,Doc2_Plan_Operativo_Marc_04-05-26.pdf,MARC\Chat de WhatsApp con MARC (ÚLTIMO EL MÁS RECIENTE)\Chat de WhatsApp con Marc Souza Gil\Doc2_Plan_Operativo_Marc_04-05-26.pdf,.pdf,183.9
203,2026-08-18 (mtime),MARC,Escala/Reuniones,Doc3_Contexto_Escala_Marc.md,MARC_Proyecto_Entrega_2026\02_CONTEXTO\NEGOCIO\Doc3_Contexto_Escala_Marc.md,.md,7.2
204,2026-08-18 (mtime),MARC,Escala/Reuniones,Doc3_Contexto_Escala_Marc.pdf,MARC\Chat de WhatsApp con MARC (ÚLTIMO EL MÁS RECIENTE)\Chat de WhatsApp con Marc Souza Gil\Doc3_Contexto_Escala_Marc.pdf,.pdf,132.0
205,2026-08-18 (mtime),MARC,General,ENTREGA_MENSAJE_1.md,MARC_Proyecto_Entrega_2026\06_PROMPTS\ENTREGA_MENSAJE_1.md,.md,0.5
206,2026-08-18 (mtime),MARC,General,ENTREGA_MENSAJE_2.md,MARC_Proyecto_Entrega_2026\06_PROMPTS\ENTREGA_MENSAJE_2.md,.md,0.5
207,2026-08-18 (mtime),MARC,General,ENTREGA_MENSAJE_3.md,MARC_Proyecto_Entrega_2026\06_PROMPTS\ENTREGA_MENSAJE_3.md,.md,0.4
208,2026-08-18 (mtime),MARC,Chat/Audios,Info básic para Sebastian.docx,MARC\Chat de WhatsApp con MARC (ÚLTIMO EL MÁS RECIENTE)\Chat de WhatsApp con Marc Souza Gil\Info básic para Sebastian.docx,.docx,14.8
209,2026-08-18 (mtime),MARC,Chat/Audios,INFORME - IMPODERATE.pdf,MARC\Chat de WhatsApp con MARC (ÚLTIMO EL MÁS RECIENTE)\Chat de WhatsApp con Marc Souza Gil\INFORME - IMPODERATE.pdf,.pdf,1154.8
210,2026-08-18 (mtime),MARC,General,MANIFIESTO_WORKSPACE.md,MARC_Proyecto_Entrega_2026\00_INDEX\MANIFIESTO_WORKSPACE.md,.md,1.7
211,2026-08-18 (mtime),MARC,Finanzas,Oferta_Colaboracion_Sebastian.xlsx,MARC\Chat de WhatsApp con MARC (ÚLTIMO EL MÁS RECIENTE)\Chat de WhatsApp con Marc Souza Gil\Oferta_Colaboracion_Sebastian.xlsx,.xlsx,15.2
212,2026-08-18 (mtime),MARC,Instagram/Contenido,PAQUETE_GENERACION_VISUAL.md,MARC\04_Instagram\PAQUETE_GENERACION_VISUAL.md,.md,3.6
213,2026-08-18 (mtime),MARC,Instagram/Contenido,RESPUESTA_MARC_18AGO_1200.md,MARC\04_Instagram\RESPUESTA_MARC_18AGO_1200.md,.md,1.7
214,2026-08-19 (mtime),COMPARTIDO,Sistema MASTER,MASTER_CHANGELOG.md,MASTER_CHANGELOG.md,.md,7.8
215,2026-08-19 (mtime),MARC,Instagram/Contenido,C-001_CARRUSEL_NO_ERES_LA_CHARLA.md,MARC\CONTENIDO\03_PARA_APROBAR\C-001_CARRUSEL_NO_ERES_LA_CHARLA.md,.md,1.6
216,2026-08-19 (mtime),MARC,Instagram/Contenido,C-002_POST_TUS_MIEDOS.md,MARC\CONTENIDO\03_PARA_APROBAR\C-002_POST_TUS_MIEDOS.md,.md,0.9
217,2026-08-19 (mtime),MARC,Instagram/Contenido,C-003_POST_TE_ATREVES.md,MARC\CONTENIDO\03_PARA_APROBAR\C-003_POST_TE_ATREVES.md,.md,0.9
218,2026-08-19 (mtime),MARC,Instagram/Contenido,C-004_CARRUSEL_7_COSAS_MENTE.md,MARC\CONTENIDO\02_EN_PRODUCCION\C-004_CARRUSEL_7_COSAS_MENTE.md,.md,1.8
219,2026-08-19 (mtime),MARC,Instagram/Contenido,C-005_POST_NO_MOTIVACION.md,MARC\CONTENIDO\02_EN_PRODUCCION\C-005_POST_NO_MOTIVACION.md,.md,1.0
220,2026-08-19 (mtime),MARC,Instagram/Contenido,CONTENT_CALENDAR.md,MARC\04_Instagram\CONTENT_CALENDAR.md,.md,5.9
221,2026-08-19 (mtime),MARC,Instagram/Contenido,ESTRATEGIA_HASHTAGS.md,MARC\CONTENIDO\07_PLANTILLAS\ESTRATEGIA_HASHTAGS.md,.md,1.9
222,2026-08-19 (mtime),MARC,Instagram/Contenido,GUION_VENTAS_DM_DESPIERTA.md,MARC\CONTENIDO\07_PLANTILLAS\GUION_VENTAS_DM_DESPIERTA.md,.md,3.4
223,2026-08-19 (mtime),MARC,Instagram/Contenido,LEEME_APROBACION_LOTE1.md,MARC\CONTENIDO\03_PARA_APROBAR\LEEME_APROBACION_LOTE1.md,.md,1.7
224,2026-08-19 (mtime),MARC,General,PENDIENTE_SEBASTIAN.md,MARC\PENDIENTE_SEBASTIAN.md,.md,4.8
225,2026-08-19 (mtime),MARC,Instagram/Contenido,PLANTILLA_CARRUSEL.md,MARC\CONTENIDO\07_PLANTILLAS\PLANTILLA_CARRUSEL.md,.md,1.5
226,2026-08-19 (mtime),MARC,Instagram/Contenido,PLANTILLA_CTA_DESPIERTA.md,MARC\CONTENIDO\07_PLANTILLAS\PLANTILLA_CTA_DESPIERTA.md,.md,1.1
227,2026-08-19 (mtime),MARC,Instagram/Contenido,R-001_REEL_PILOTO_AUTOMATICO.md,MARC\CONTENIDO\02_EN_PRODUCCION\R-001_REEL_PILOTO_AUTOMATICO.md,.md,1.4
228,2026-08-19 (mtime),MARC,Instagram/Contenido,README.md,MARC\CONTENIDO\README.md,.md,1.5
229,2026-08-19 (mtime),MARC,Instagram/Contenido,STORIES_SEMANA1.md,MARC\CONTENIDO\06_STORIES\STORIES_SEMANA1.md,.md,1.6
230,2026-08-20,COMPARTIDO,Escala/Reuniones,AGENDA_REUNION_2026-08-20.md,03_ESCALA\AGENDA_REUNION_2026-08-20.md,.md,3.3
231,2026-08-20,COMPARTIDO,Escala/Reuniones,GUIA_REUNION_ESCALA_2026-08-20.md,03_ESCALA\GUIA_REUNION_ESCALA_2026-08-20.md,.md,5.2
232,2026-08-23 (mtime),COMPARTIDO,Sistema MASTER,MASTER_STATUS.md,MASTER_STATUS.md,.md,5.1
233,2026-08-23 (mtime),MARC,General,ACCIONES_EJECUTADAS_MARC.md,MARC\18_LOGS\ACCIONES_EJECUTADAS_MARC.md,.md,29.1
234,2026-08-23 (mtime),MARC,Instagram/Contenido,BANCO_IDEAS.md,MARC\CONTENIDO\01_IDEAS\BANCO_IDEAS.md,.md,2.1
235,2026-08-23 (mtime),MARC,Instagram/Contenido,C-006_CARRUSEL_PILOTO_AUTOMATICO.md,MARC\CONTENIDO\02_EN_PRODUCCION\C-006_CARRUSEL_PILOTO_AUTOMATICO.md,.md,1.6
236,2026-08-23 (mtime),MARC,Instagram/Contenido,C-007_POST_SER_REALISTA.md,MARC\CONTENIDO\02_EN_PRODUCCION\C-007_POST_SER_REALISTA.md,.md,1.2
237,2026-08-23 (mtime),MARC,Instagram/Contenido,C-008_CARRUSEL_CIRCUNSTANCIAS.md,MARC\CONTENIDO\02_EN_PRODUCCION\C-008_CARRUSEL_CIRCUNSTANCIAS.md,.md,1.6
238,2026-08-23 (mtime),MARC,Instagram/Contenido,C-009_POST_MISMA_MENTE.md,MARC\CONTENIDO\02_EN_PRODUCCION\C-009_POST_MISMA_MENTE.md,.md,1.2
239,2026-08-23 (mtime),MARC,Instagram/Contenido,R-002_REEL_MOTIVACION_VS_TRANSFORMACION.md,MARC\CONTENIDO\02_EN_PRODUCCION\R-002_REEL_MOTIVACION_VS_TRANSFORMACION.md,.md,1.9
240,2026-08-23 (mtime),MARC,Instagram/Contenido,R-003_REEL_4_MESES_DESPIERTA.md,MARC\CONTENIDO\02_EN_PRODUCCION\R-003_REEL_4_MESES_DESPIERTA.md,.md,2.1
241,2026-08-23 (mtime),MARC,Instagram/Contenido,STORIES_SEMANA2.md,MARC\CONTENIDO\06_STORIES\STORIES_SEMANA2.md,.md,1.8
